Season,EventName,Abbreviation,fp_session,fp_gap
2023,Bahrain Grand Prix,VER,FP1,0.617
2023,Bahrain Grand Prix,SAR,FP1,2.991
2023,Bahrain Grand Prix,NOR,FP1,1.407
2023,Bahrain Grand Prix,GAS,FP1,2.697
2023,Bahrain Grand Prix,PER,FP1,0.0
2023,Bahrain Grand Prix,ALO,FP1,0.438
2023,Bahrain Grand Prix,LEC,FP1,1.499
2023,Bahrain Grand Prix,STR,FP1,1.54
2023,Bahrain Grand Prix,MAG,FP1,1.644
2023,Bahrain Grand Prix,DEV,FP1,2.644
2023,Bahrain Grand Prix,TSU,FP1,2.257
2023,Bahrain Grand Prix,ALB,FP1,3.26
2023,Bahrain Grand Prix,ZHO,FP1,1.817
2023,Bahrain Grand Prix,HUL,FP1,2.285
2023,Bahrain Grand Prix,OCO,FP1,2.347
2023,Bahrain Grand Prix,HAM,FP1,2.159
2023,Bahrain Grand Prix,SAI,FP1,3.314
2023,Bahrain Grand Prix,RUS,FP1,2.208
2023,Bahrain Grand Prix,BOT,FP1,1.931
2023,Bahrain Grand Prix,PIA,FP1,2.239
2023,Bahrain Grand Prix,VER,FP2,0.169
2023,Bahrain Grand Prix,SAR,FP2,1.842
2023,Bahrain Grand Prix,NOR,FP2,0.663
2023,Bahrain Grand Prix,GAS,FP2,0.568
2023,Bahrain Grand Prix,PER,FP2,0.171
2023,Bahrain Grand Prix,ALO,FP2,0.0
2023,Bahrain Grand Prix,LEC,FP2,0.46
2023,Bahrain Grand Prix,STR,FP2,0.543
2023,Bahrain Grand Prix,MAG,FP2,1.203
2023,Bahrain Grand Prix,DEV,FP2,1.698
2023,Bahrain Grand Prix,TSU,FP2,1.618
2023,Bahrain Grand Prix,ALB,FP2,1.533
2023,Bahrain Grand Prix,ZHO,FP2,0.679
2023,Bahrain Grand Prix,HUL,FP2,0.469
2023,Bahrain Grand Prix,OCO,FP2,0.701
2023,Bahrain Grand Prix,HAM,FP2,0.636
2023,Bahrain Grand Prix,SAI,FP2,1.049
2023,Bahrain Grand Prix,RUS,FP2,0.975
2023,Bahrain Grand Prix,BOT,FP2,0.886
2023,Bahrain Grand Prix,PIA,FP2,1.117
2023,Bahrain Grand Prix,VER,FP3,0.005
2023,Bahrain Grand Prix,SAR,FP3,1.325
2023,Bahrain Grand Prix,NOR,FP3,0.862
2023,Bahrain Grand Prix,GAS,FP3,0.724
2023,Bahrain Grand Prix,PER,FP3,0.106
2023,Bahrain Grand Prix,ALO,FP3,0.0
2023,Bahrain Grand Prix,LEC,FP3,0.284
2023,Bahrain Grand Prix,STR,FP3,0.579
2023,Bahrain Grand Prix,MAG,FP3,1.041
2023,Bahrain Grand Prix,DEV,FP3,1.742
2023,Bahrain Grand Prix,TSU,FP3,1.135
2023,Bahrain Grand Prix,ALB,FP3,1.542
2023,Bahrain Grand Prix,ZHO,FP3,0.84
2023,Bahrain Grand Prix,HUL,FP3,1.083
2023,Bahrain Grand Prix,OCO,FP3,0.776
2023,Bahrain Grand Prix,HAM,FP3,0.215
2023,Bahrain Grand Prix,SAI,FP3,0.605
2023,Bahrain Grand Prix,RUS,FP3,0.391
2023,Bahrain Grand Prix,BOT,FP3,1.289
2023,Bahrain Grand Prix,PIA,FP3,0.705
2023,Saudi Arabian Grand Prix,VER,FP1,0.0
2023,Saudi Arabian Grand Prix,SAR,FP1,2.305
2023,Saudi Arabian Grand Prix,NOR,FP1,2.532
2023,Saudi Arabian Grand Prix,GAS,FP1,1.332
2023,Saudi Arabian Grand Prix,PER,FP1,0.483
2023,Saudi Arabian Grand Prix,ALO,FP1,0.698
2023,Saudi Arabian Grand Prix,LEC,FP1,1.501
2023,Saudi Arabian Grand Prix,STR,FP1,0.96
2023,Saudi Arabian Grand Prix,MAG,FP1,1.949
2023,Saudi Arabian Grand Prix,DEV,FP1,1.833
2023,Saudi Arabian Grand Prix,TSU,FP1,1.493
2023,Saudi Arabian Grand Prix,ALB,FP1,1.413
2023,Saudi Arabian Grand Prix,ZHO,FP1,2.369
2023,Saudi Arabian Grand Prix,HUL,FP1,1.935
2023,Saudi Arabian Grand Prix,OCO,FP1,1.564
2023,Saudi Arabian Grand Prix,HAM,FP1,1.17
2023,Saudi Arabian Grand Prix,SAI,FP1,1.307
2023,Saudi Arabian Grand Prix,RUS,FP1,1.154
2023,Saudi Arabian Grand Prix,BOT,FP1,2.353
2023,Saudi Arabian Grand Prix,PIA,FP1,1.874
2023,Saudi Arabian Grand Prix,VER,FP2,0.0
2023,Saudi Arabian Grand Prix,SAR,FP2,1.356
2023,Saudi Arabian Grand Prix,NOR,FP2,1.118
2023,Saudi Arabian Grand Prix,GAS,FP2,0.497
2023,Saudi Arabian Grand Prix,PER,FP2,0.299
2023,Saudi Arabian Grand Prix,ALO,FP2,0.208
2023,Saudi Arabian Grand Prix,LEC,FP2,0.738
2023,Saudi Arabian Grand Prix,STR,FP2,0.507
2023,Saudi Arabian Grand Prix,MAG,FP2,1.217
2023,Saudi Arabian Grand Prix,DEV,FP2,1.318
2023,Saudi Arabian Grand Prix,TSU,FP2,1.173
2023,Saudi Arabian Grand Prix,ALB,FP2,1.207
2023,Saudi Arabian Grand Prix,ZHO,FP2,1.234
2023,Saudi Arabian Grand Prix,HUL,FP2,0.578
2023,Saudi Arabian Grand Prix,OCO,FP2,0.436
2023,Saudi Arabian Grand Prix,HAM,FP2,0.996
2023,Saudi Arabian Grand Prix,SAI,FP2,0.989
2023,Saudi Arabian Grand Prix,RUS,FP2,0.467
2023,Saudi Arabian Grand Prix,BOT,FP2,1.449
2023,Saudi Arabian Grand Prix,PIA,FP2,1.361
2023,Saudi Arabian Grand Prix,VER,FP3,0.0
2023,Saudi Arabian Grand Prix,SAR,FP3,1.55
2023,Saudi Arabian Grand Prix,NOR,FP3,1.205
2023,Saudi Arabian Grand Prix,GAS,FP3,1.216
2023,Saudi Arabian Grand Prix,PER,FP3,0.613
2023,Saudi Arabian Grand Prix,ALO,FP3,0.998
2023,Saudi Arabian Grand Prix,LEC,FP3,1.103
2023,Saudi Arabian Grand Prix,STR,FP3,1.024
2023,Saudi Arabian Grand Prix,MAG,FP3,1.646
2023,Saudi Arabian Grand Prix,TSU,FP3,2.312
2023,Saudi Arabian Grand Prix,ALB,FP3,1.498
2023,Saudi Arabian Grand Prix,ZHO,FP3,1.432
2023,Saudi Arabian Grand Prix,HUL,FP3,1.448
2023,Saudi Arabian Grand Prix,OCO,FP3,1.468
2023,Saudi Arabian Grand Prix,HAM,FP3,1.083
2023,Saudi Arabian Grand Prix,SAI,FP3,1.276
2023,Saudi Arabian Grand Prix,RUS,FP3,1.326
2023,Saudi Arabian Grand Prix,BOT,FP3,1.832
2023,Saudi Arabian Grand Prix,PIA,FP3,1.213
2023,Australian Grand Prix,VER,FP1,0.0
2023,Australian Grand Prix,SAR,FP1,1.284
2023,Australian Grand Prix,NOR,FP1,0.746
2023,Australian Grand Prix,GAS,FP1,0.856
2023,Australian Grand Prix,PER,FP1,0.503
2023,Australian Grand Prix,ALO,FP1,0.527
2023,Australian Grand Prix,LEC,FP1,0.588
2023,Australian Grand Prix,STR,FP1,0.976
2023,Australian Grand Prix,MAG,FP1,2.357
2023,Australian Grand Prix,DEV,FP1,1.143
2023,Australian Grand Prix,TSU,FP1,1.609
2023,Australian Grand Prix,ALB,FP1,0.976
2023,Australian Grand Prix,ZHO,FP1,1.779
2023,Australian Grand Prix,HUL,FP1,1.016
2023,Australian Grand Prix,OCO,FP1,1.385
2023,Australian Grand Prix,HAM,FP1,0.433
2023,Australian Grand Prix,SAI,FP1,0.715
2023,Australian Grand Prix,RUS,FP1,0.909
2023,Australian Grand Prix,BOT,FP1,1.629
2023,Australian Grand Prix,PIA,FP1,0.987
2023,Australian Grand Prix,VER,FP2,0.615
2023,Australian Grand Prix,NOR,FP2,1.289
2023,Australian Grand Prix,GAS,FP2,1.319
2023,Australian Grand Prix,PER,FP2,1.196
2023,Australian Grand Prix,ALO,FP2,0.0
2023,Australian Grand Prix,LEC,FP2,0.445
2023,Australian Grand Prix,STR,FP2,1.692
2023,Australian Grand Prix,MAG,FP2,2.379
2023,Australian Grand Prix,DEV,FP2,1.713
2023,Australian Grand Prix,TSU,FP2,1.333
2023,Australian Grand Prix,ALB,FP2,2.295
2023,Australian Grand Prix,ZHO,FP2,1.583
2023,Australian Grand Prix,HUL,FP2,1.307
2023,Australian Grand Prix,OCO,FP2,0.838
2023,Australian Grand Prix,HAM,FP2,1.436
2023,Australian Grand Prix,SAI,FP2,0.808
2023,Australian Grand Prix,RUS,FP2,0.785
2023,Australian Grand Prix,BOT,FP2,1.425
2023,Australian Grand Prix,PIA,FP2,1.493
2023,Australian Grand Prix,VER,FP3,0.0
2023,Australian Grand Prix,SAR,FP3,1.382
2023,Australian Grand Prix,NOR,FP3,1.581
2023,Australian Grand Prix,GAS,FP3,0.529
2023,Australian Grand Prix,PER,FP3,0.558
2023,Australian Grand Prix,ALO,FP3,0.162
2023,Australian Grand Prix,LEC,FP3,1.126
2023,Australian Grand Prix,STR,FP3,0.633
2023,Australian Grand Prix,MAG,FP3,1.491
2023,Australian Grand Prix,DEV,FP3,1.527
2023,Australian Grand Prix,TSU,FP3,1.336
2023,Australian Grand Prix,ALB,FP3,0.988
2023,Australian Grand Prix,ZHO,FP3,0.765
2023,Australian Grand Prix,HUL,FP3,0.845
2023,Australian Grand Prix,OCO,FP3,0.373
2023,Australian Grand Prix,HAM,FP3,0.573
2023,Australian Grand Prix,SAI,FP3,0.562
2023,Australian Grand Prix,RUS,FP3,0.39
2023,Australian Grand Prix,BOT,FP3,1.244
2023,Australian Grand Prix,PIA,FP3,1.148
2023,Azerbaijan Grand Prix,VER,FP1,0.0
2023,Azerbaijan Grand Prix,SAR,FP1,2.585
2023,Azerbaijan Grand Prix,NOR,FP1,0.81
2023,Azerbaijan Grand Prix,GAS,FP1,4.006
2023,Azerbaijan Grand Prix,PER,FP1,0.139
2023,Azerbaijan Grand Prix,ALO,FP1,1.245
2023,Azerbaijan Grand Prix,LEC,FP1,0.037
2023,Azerbaijan Grand Prix,STR,FP1,1.14
2023,Azerbaijan Grand Prix,MAG,FP1,5.183
2023,Azerbaijan Grand Prix,DEV,FP1,1.099
2023,Azerbaijan Grand Prix,TSU,FP1,1.822
2023,Azerbaijan Grand Prix,ALB,FP1,1.313
2023,Azerbaijan Grand Prix,ZHO,FP1,1.433
2023,Azerbaijan Grand Prix,HUL,FP1,2.008
2023,Azerbaijan Grand Prix,OCO,FP1,3.64
2023,Azerbaijan Grand Prix,HAM,FP1,1.483
2023,Azerbaijan Grand Prix,SAI,FP1,0.584
2023,Azerbaijan Grand Prix,RUS,FP1,2.767
2023,Azerbaijan Grand Prix,BOT,FP1,1.695
2023,Azerbaijan Grand Prix,PIA,FP1,1.665
2023,Miami Grand Prix,VER,FP1,0.424
2023,Miami Grand Prix,SAR,FP1,2.494
2023,Miami Grand Prix,NOR,FP1,1.872
2023,Miami Grand Prix,GAS,FP1,0.979
2023,Miami Grand Prix,PER,FP1,1.441
2023,Miami Grand Prix,ALO,FP1,1.106
2023,Miami Grand Prix,LEC,FP1,0.324
2023,Miami Grand Prix,STR,FP1,1.212
2023,Miami Grand Prix,MAG,FP1,1.728
2023,Miami Grand Prix,DEV,FP1,4.512
2023,Miami Grand Prix,TSU,FP1,2.044
2023,Miami Grand Prix,ALB,FP1,1.778
2023,Miami Grand Prix,ZHO,FP1,2.009
2023,Miami Grand Prix,HUL,FP1,1.267
2023,Miami Grand Prix,OCO,FP1,1.417
2023,Miami Grand Prix,HAM,FP1,0.212
2023,Miami Grand Prix,SAI,FP1,0.599
2023,Miami Grand Prix,RUS,FP1,0.0
2023,Miami Grand Prix,BOT,FP1,1.777
2023,Miami Grand Prix,PIA,FP1,1.685
2023,Miami Grand Prix,VER,FP2,0.0
2023,Miami Grand Prix,SAR,FP2,2.108
2023,Miami Grand Prix,NOR,FP2,0.811
2023,Miami Grand Prix,GAS,FP2,1.168
2023,Miami Grand Prix,PER,FP2,0.489
2023,Miami Grand Prix,ALO,FP2,0.73
2023,Miami Grand Prix,LEC,FP2,0.468
2023,Miami Grand Prix,STR,FP2,1.0
2023,Miami Grand Prix,MAG,FP2,1.241
2023,Miami Grand Prix,DEV,FP2,1.998
2023,Miami Grand Prix,TSU,FP2,1.683
2023,Miami Grand Prix,ALB,FP2,1.116
2023,Miami Grand Prix,ZHO,FP2,1.251
2023,Miami Grand Prix,HUL,FP2,1.463
2023,Miami Grand Prix,OCO,FP2,1.007
2023,Miami Grand Prix,HAM,FP2,0.928
2023,Miami Grand Prix,SAI,FP2,0.385
2023,Miami Grand Prix,RUS,FP2,1.286
2023,Miami Grand Prix,BOT,FP2,1.259
2023,Miami Grand Prix,PIA,FP2,1.409
2023,Miami Grand Prix,VER,FP3,0.0
2023,Miami Grand Prix,SAR,FP3,1.729
2023,Miami Grand Prix,NOR,FP3,1.866
2023,Miami Grand Prix,GAS,FP3,0.893
2023,Miami Grand Prix,PER,FP3,0.515
2023,Miami Grand Prix,ALO,FP3,1.083
2023,Miami Grand Prix,LEC,FP3,0.406
2023,Miami Grand Prix,STR,FP3,1.188
2023,Miami Grand Prix,MAG,FP3,1.072
2023,Miami Grand Prix,DEV,FP3,1.912
2023,Miami Grand Prix,TSU,FP3,1.644
2023,Miami Grand Prix,ALB,FP3,1.026
2023,Miami Grand Prix,ZHO,FP3,1.539
2023,Miami Grand Prix,HUL,FP3,0.962
2023,Miami Grand Prix,OCO,FP3,0.872
2023,Miami Grand Prix,HAM,FP3,1.183
2023,Miami Grand Prix,SAI,FP3,0.59
2023,Miami Grand Prix,RUS,FP3,1.071
2023,Miami Grand Prix,BOT,FP3,0.921
2023,Miami Grand Prix,PIA,FP3,1.84
2023,Monaco Grand Prix,VER,FP1,0.872
2023,Monaco Grand Prix,SAR,FP1,2.185
2023,Monaco Grand Prix,NOR,FP1,1.095
2023,Monaco Grand Prix,GAS,FP1,1.494
2023,Monaco Grand Prix,PER,FP1,0.666
2023,Monaco Grand Prix,ALO,FP1,0.338
2023,Monaco Grand Prix,LEC,FP1,0.721
2023,Monaco Grand Prix,STR,FP1,1.281
2023,Monaco Grand Prix,MAG,FP1,1.353
2023,Monaco Grand Prix,DEV,FP1,1.711
2023,Monaco Grand Prix,TSU,FP1,1.448
2023,Monaco Grand Prix,ALB,FP1,1.294
2023,Monaco Grand Prix,ZHO,FP1,2.312
2023,Monaco Grand Prix,HUL,FP1,2.413
2023,Monaco Grand Prix,OCO,FP1,1.213
2023,Monaco Grand Prix,HAM,FP1,0.663
2023,Monaco Grand Prix,SAI,FP1,0.0
2023,Monaco Grand Prix,RUS,FP1,1.694
2023,Monaco Grand Prix,BOT,FP1,1.346
2023,Monaco Grand Prix,PIA,FP1,1.82
2023,Monaco Grand Prix,VER,FP2,0.0
2023,Monaco Grand Prix,SAR,FP2,1.776
2023,Monaco Grand Prix,NOR,FP2,0.444
2023,Monaco Grand Prix,GAS,FP2,0.627
2023,Monaco Grand Prix,PER,FP2,0.529
2023,Monaco Grand Prix,ALO,FP2,0.22
2023,Monaco Grand Prix,LEC,FP2,0.065
2023,Monaco Grand Prix,STR,FP2,0.723
2023,Monaco Grand Prix,MAG,FP2,0.995
2023,Monaco Grand Prix,DEV,FP2,1.201
2023,Monaco Grand Prix,TSU,FP2,1.179
2023,Monaco Grand Prix,ALB,FP2,1.755
2023,Monaco Grand Prix,ZHO,FP2,0.892
2023,Monaco Grand Prix,HUL,FP2,1.058
2023,Monaco Grand Prix,OCO,FP2,0.7
2023,Monaco Grand Prix,HAM,FP2,0.498
2023,Monaco Grand Prix,SAI,FP2,0.107
2023,Monaco Grand Prix,RUS,FP2,0.729
2023,Monaco Grand Prix,BOT,FP2,0.588
2023,Monaco Grand Prix,PIA,FP2,1.211
2023,Monaco Grand Prix,VER,FP3,0.0
2023,Monaco Grand Prix,SAR,FP3,1.075
2023,Monaco Grand Prix,NOR,FP3,0.62
2023,Monaco Grand Prix,GAS,FP3,0.677
2023,Monaco Grand Prix,PER,FP3,0.073
2023,Monaco Grand Prix,ALO,FP3,0.921
2023,Monaco Grand Prix,LEC,FP3,0.699
2023,Monaco Grand Prix,STR,FP3,0.166
2023,Monaco Grand Prix,MAG,FP3,0.848
2023,Monaco Grand Prix,DEV,FP3,1.411
2023,Monaco Grand Prix,TSU,FP3,0.962
2023,Monaco Grand Prix,ALB,FP3,1.154
2023,Monaco Grand Prix,ZHO,FP3,0.996
2023,Monaco Grand Prix,HUL,FP3,0.874
2023,Monaco Grand Prix,OCO,FP3,0.72
2023,Monaco Grand Prix,HAM,FP3,0.71
2023,Monaco Grand Prix,SAI,FP3,0.485
2023,Monaco Grand Prix,RUS,FP3,0.814
2023,Monaco Grand Prix,BOT,FP3,0.745
2023,Monaco Grand Prix,PIA,FP3,1.222
2023,Spanish Grand Prix,VER,FP1,0.0
2023,Spanish Grand Prix,SAR,FP1,1.9
2023,Spanish Grand Prix,NOR,FP1,1.177
2023,Spanish Grand Prix,GAS,FP1,0.939
2023,Spanish Grand Prix,PER,FP1,0.768
2023,Spanish Grand Prix,ALO,FP1,0.941
2023,Spanish Grand Prix,LEC,FP1,1.088
2023,Spanish Grand Prix,STR,FP1,1.333
2023,Spanish Grand Prix,MAG,FP1,1.083
2023,Spanish Grand Prix,DEV,FP1,0.898
2023,Spanish Grand Prix,TSU,FP1,1.309
2023,Spanish Grand Prix,ALB,FP1,2.024
2023,Spanish Grand Prix,ZHO,FP1,1.3
2023,Spanish Grand Prix,HUL,FP1,1.855
2023,Spanish Grand Prix,OCO,FP1,0.812
2023,Spanish Grand Prix,HAM,FP1,1.239
2023,Spanish Grand Prix,SAI,FP1,1.12
2023,Spanish Grand Prix,RUS,FP1,1.147
2023,Spanish Grand Prix,BOT,FP1,1.372
2023,Spanish Grand Prix,PIA,FP1,1.747
2023,Spanish Grand Prix,VER,FP2,0.0
2023,Spanish Grand Prix,SAR,FP2,1.508
2023,Spanish Grand Prix,NOR,FP2,0.787
2023,Spanish Grand Prix,GAS,FP2,0.55
2023,Spanish Grand Prix,PER,FP2,0.312
2023,Spanish Grand Prix,ALO,FP2,0.17
2023,Spanish Grand Prix,LEC,FP2,0.339
2023,Spanish Grand Prix,STR,FP2,1.103
2023,Spanish Grand Prix,MAG,FP2,0.806
2023,Spanish Grand Prix,DEV,FP2,0.878
2023,Spanish Grand Prix,TSU,FP2,0.933
2023,Spanish Grand Prix,ALB,FP2,1.149
2023,Spanish Grand Prix,ZHO,FP2,0.678
2023,Spanish Grand Prix,HUL,FP2,0.27
2023,Spanish Grand Prix,OCO,FP2,0.335
2023,Spanish Grand Prix,HAM,FP2,0.642
2023,Spanish Grand Prix,SAI,FP2,0.367
2023,Spanish Grand Prix,RUS,FP2,0.485
2023,Spanish Grand Prix,BOT,FP2,0.541
2023,Spanish Grand Prix,PIA,FP2,0.676
2023,Spanish Grand Prix,VER,FP3,0.0
2023,Spanish Grand Prix,SAR,FP3,2.865
2023,Spanish Grand Prix,NOR,FP3,1.017
2023,Spanish Grand Prix,GAS,FP3,2.177
2023,Spanish Grand Prix,PER,FP3,0.25
2023,Spanish Grand Prix,ALO,FP3,0.6
2023,Spanish Grand Prix,LEC,FP3,0.689
2023,Spanish Grand Prix,STR,FP3,1.092
2023,Spanish Grand Prix,MAG,FP3,1.87
2023,Spanish Grand Prix,DEV,FP3,1.029
2023,Spanish Grand Prix,TSU,FP3,0.995
2023,Spanish Grand Prix,ALB,FP3,2.187
2023,Spanish Grand Prix,ZHO,FP3,1.017
2023,Spanish Grand Prix,HUL,FP3,1.324
2023,Spanish Grand Prix,OCO,FP3,1.602
2023,Spanish Grand Prix,HAM,FP3,0.408
2023,Spanish Grand Prix,SAI,FP3,0.576
2023,Spanish Grand Prix,RUS,FP3,0.614
2023,Spanish Grand Prix,BOT,FP3,0.696
2023,Spanish Grand Prix,PIA,FP3,1.441
2023,Canadian Grand Prix,VER,FP1,1.503
2023,Canadian Grand Prix,PER,FP1,1.426
2023,Canadian Grand Prix,ALO,FP1,1.079
2023,Canadian Grand Prix,LEC,FP1,8.081
2023,Canadian Grand Prix,STR,FP1,0.447
2023,Canadian Grand Prix,MAG,FP1,5.317
2023,Canadian Grand Prix,DEV,FP1,13.546
2023,Canadian Grand Prix,ZHO,FP1,6.233
2023,Canadian Grand Prix,HUL,FP1,5.608
2023,Canadian Grand Prix,SAI,FP1,7.263
2023,Canadian Grand Prix,BOT,FP1,0.0
2023,Canadian Grand Prix,PIA,FP1,2.768
2023,Canadian Grand Prix,VER,FP2,0.424
2023,Canadian Grand Prix,SAR,FP2,1.708
2023,Canadian Grand Prix,NOR,FP2,0.899
2023,Canadian Grand Prix,GAS,FP2,0.759
2023,Canadian Grand Prix,PER,FP2,0.532
2023,Canadian Grand Prix,ALO,FP2,0.326
2023,Canadian Grand Prix,LEC,FP2,0.376
2023,Canadian Grand Prix,STR,FP2,0.701
2023,Canadian Grand Prix,MAG,FP2,0.826
2023,Canadian Grand Prix,DEV,FP2,1.284
2023,Canadian Grand Prix,TSU,FP2,1.223
2023,Canadian Grand Prix,ALB,FP2,1.285
2023,Canadian Grand Prix,ZHO,FP2,1.093
2023,Canadian Grand Prix,HUL,FP2,2.651
2023,Canadian Grand Prix,OCO,FP2,1.374
2023,Canadian Grand Prix,HAM,FP2,0.0
2023,Canadian Grand Prix,SAI,FP2,0.126
2023,Canadian Grand Prix,RUS,FP2,0.027
2023,Canadian Grand Prix,BOT,FP2,0.502
2023,Canadian Grand Prix,PIA,FP2,0.815
2023,Canadian Grand Prix,VER,FP3,0.0
2023,Canadian Grand Prix,SAR,FP3,4.173
2023,Canadian Grand Prix,NOR,FP3,2.092
2023,Canadian Grand Prix,GAS,FP3,1.719
2023,Canadian Grand Prix,PER,FP3,2.751
2023,Canadian Grand Prix,ALO,FP3,1.377
2023,Canadian Grand Prix,LEC,FP3,0.291
2023,Canadian Grand Prix,STR,FP3,1.838
2023,Canadian Grand Prix,MAG,FP3,1.609
2023,Canadian Grand Prix,DEV,FP3,2.619
2023,Canadian Grand Prix,TSU,FP3,1.849
2023,Canadian Grand Prix,ALB,FP3,2.273
2023,Canadian Grand Prix,ZHO,FP3,3.644
2023,Canadian Grand Prix,HUL,FP3,2.034
2023,Canadian Grand Prix,OCO,FP3,3.734
2023,Canadian Grand Prix,HAM,FP3,1.981
2023,Canadian Grand Prix,SAI,FP3,1.659
2023,Canadian Grand Prix,RUS,FP3,2.329
2023,Canadian Grand Prix,BOT,FP3,1.882
2023,Canadian Grand Prix,PIA,FP3,2.085
2023,Austrian Grand Prix,VER,FP1,0.0
2023,Austrian Grand Prix,SAR,FP1,1.276
2023,Austrian Grand Prix,NOR,FP1,1.626
2023,Austrian Grand Prix,GAS,FP1,1.545
2023,Austrian Grand Prix,PER,FP1,0.52
2023,Austrian Grand Prix,ALO,FP1,0.914
2023,Austrian Grand Prix,LEC,FP1,0.27
2023,Austrian Grand Prix,STR,FP1,0.598
2023,Austrian Grand Prix,MAG,FP1,0.755
2023,Austrian Grand Prix,DEV,FP1,1.275
2023,Austrian Grand Prix,TSU,FP1,1.243
2023,Austrian Grand Prix,ALB,FP1,1.052
2023,Austrian Grand Prix,ZHO,FP1,1.038
2023,Austrian Grand Prix,HUL,FP1,1.104
2023,Austrian Grand Prix,OCO,FP1,1.46
2023,Austrian Grand Prix,HAM,FP1,0.509
2023,Austrian Grand Prix,SAI,FP1,0.241
2023,Austrian Grand Prix,RUS,FP1,0.954
2023,Austrian Grand Prix,BOT,FP1,1.105
2023,Austrian Grand Prix,PIA,FP1,1.067
2023,British Grand Prix,VER,FP1,0.0
2023,British Grand Prix,SAR,FP1,1.524
2023,British Grand Prix,NOR,FP1,0.841
2023,British Grand Prix,GAS,FP1,1.228
2023,British Grand Prix,PER,FP1,0.448
2023,British Grand Prix,ALO,FP1,0.668
2023,British Grand Prix,LEC,FP1,0.68
2023,British Grand Prix,STR,FP1,0.871
2023,British Grand Prix,MAG,FP1,1.785
2023,British Grand Prix,DEV,FP1,1.091
2023,British Grand Prix,TSU,FP1,1.492
2023,British Grand Prix,ALB,FP1,0.489
2023,British Grand Prix,ZHO,FP1,1.721
2023,British Grand Prix,HUL,FP1,1.991
2023,British Grand Prix,OCO,FP1,0.719
2023,British Grand Prix,HAM,FP1,1.168
2023,British Grand Prix,SAI,FP1,0.757
2023,British Grand Prix,RUS,FP1,1.274
2023,British Grand Prix,BOT,FP1,1.49
2023,British Grand Prix,PIA,FP1,1.058
2023,British Grand Prix,VER,FP2,0.0
2023,British Grand Prix,SAR,FP2,0.688
2023,British Grand Prix,NOR,FP2,1.182
2023,British Grand Prix,GAS,FP2,0.811
2023,British Grand Prix,PER,FP2,0.264
2023,British Grand Prix,ALO,FP2,1.056
2023,British Grand Prix,STR,FP2,0.788
2023,British Grand Prix,MAG,FP2,1.361
2023,British Grand Prix,DEV,FP2,1.493
2023,British Grand Prix,TSU,FP2,1.405
2023,British Grand Prix,ALB,FP2,0.218
2023,British Grand Prix,ZHO,FP2,1.147
2023,British Grand Prix,HUL,FP2,0.802
2023,British Grand Prix,OCO,FP2,1.164
2023,British Grand Prix,HAM,FP2,1.205
2023,British Grand Prix,SAI,FP2,0.022
2023,British Grand Prix,RUS,FP2,1.16
2023,British Grand Prix,BOT,FP2,1.3
2023,British Grand Prix,PIA,FP2,0.848
2023,British Grand Prix,VER,FP3,0.847
2023,British Grand Prix,SAR,FP3,0.732
2023,British Grand Prix,NOR,FP3,1.144
2023,British Grand Prix,GAS,FP3,0.474
2023,British Grand Prix,PER,FP3,1.485
2023,British Grand Prix,ALO,FP3,0.365
2023,British Grand Prix,LEC,FP3,0.0
2023,British Grand Prix,STR,FP3,1.201
2023,British Grand Prix,MAG,FP3,1.788
2023,British Grand Prix,DEV,FP3,1.085
2023,British Grand Prix,TSU,FP3,0.918
2023,British Grand Prix,ALB,FP3,0.173
2023,British Grand Prix,ZHO,FP3,25.75
2023,British Grand Prix,HUL,FP3,6.171
2023,British Grand Prix,OCO,FP3,1.814
2023,British Grand Prix,HAM,FP3,0.529
2023,British Grand Prix,SAI,FP3,0.545
2023,British Grand Prix,RUS,FP3,0.865
2023,British Grand Prix,BOT,FP3,2.167
2023,British Grand Prix,PIA,FP3,2.018
2023,Hungarian Grand Prix,BEG,FP1,2.621
2023,Hungarian Grand Prix,OSU,FP1,18.751
2023,Hungarian Grand Prix,FOR,FP1,1.482
2023,Hungarian Grand Prix,MON,FP1,1.892
2023,Hungarian Grand Prix,BRO,FP1,2.347
2023,Hungarian Grand Prix,VIL,FP1,1.218
2023,Hungarian Grand Prix,GRA,FP1,4.111
2023,Hungarian Grand Prix,COH,FP1,6.78
2023,Hungarian Grand Prix,MAR,FP1,6.059
2023,Hungarian Grand Prix,MAN,FP1,2.568
2023,Hungarian Grand Prix,TBA,FP1,3.911
2023,Hungarian Grand Prix,SHI,FP1,19.845
2023,Hungarian Grand Prix,SAI,FP1,9.306
2023,Hungarian Grand Prix,RUS,FP1,0.0
2023,Hungarian Grand Prix,BOT,FP1,2.237
2023,Hungarian Grand Prix,PIA,FP1,0.359
2023,Hungarian Grand Prix,VER,FP2,0.593
2023,Hungarian Grand Prix,SAR,FP2,1.15
2023,Hungarian Grand Prix,RIC,FP2,0.699
2023,Hungarian Grand Prix,NOR,FP2,0.015
2023,Hungarian Grand Prix,GAS,FP2,0.232
2023,Hungarian Grand Prix,PER,FP2,1.292
2023,Hungarian Grand Prix,ALO,FP2,0.419
2023,Hungarian Grand Prix,LEC,FP2,0.0
2023,Hungarian Grand Prix,STR,FP2,0.633
2023,Hungarian Grand Prix,MAG,FP2,0.818
2023,Hungarian Grand Prix,TSU,FP2,0.248
2023,Hungarian Grand Prix,ALB,FP2,0.691
2023,Hungarian Grand Prix,ZHO,FP2,0.422
2023,Hungarian Grand Prix,HUL,FP2,0.372
2023,Hungarian Grand Prix,OCO,FP2,0.359
2023,Hungarian Grand Prix,HAM,FP2,1.06
2023,Hungarian Grand Prix,SAI,FP2,0.496
2023,Hungarian Grand Prix,RUS,FP2,1.489
2023,Hungarian Grand Prix,BOT,FP2,0.399
2023,Hungarian Grand Prix,PIA,FP2,1.431
2023,Hungarian Grand Prix,VER,FP3,0.25
2023,Hungarian Grand Prix,SAR,FP3,1.003
2023,Hungarian Grand Prix,RIC,FP3,1.017
2023,Hungarian Grand Prix,NOR,FP3,0.271
2023,Hungarian Grand Prix,GAS,FP3,0.965
2023,Hungarian Grand Prix,PER,FP3,0.256
2023,Hungarian Grand Prix,ALO,FP3,0.539
2023,Hungarian Grand Prix,LEC,FP3,0.379
2023,Hungarian Grand Prix,STR,FP3,0.725
2023,Hungarian Grand Prix,MAG,FP3,0.838
2023,Hungarian Grand Prix,TSU,FP3,1.345
2023,Hungarian Grand Prix,ALB,FP3,0.781
2023,Hungarian Grand Prix,ZHO,FP3,0.733
2023,Hungarian Grand Prix,HUL,FP3,0.266
2023,Hungarian Grand Prix,OCO,FP3,1.168
2023,Hungarian Grand Prix,HAM,FP3,0.0
2023,Hungarian Grand Prix,SAI,FP3,0.423
2023,Hungarian Grand Prix,RUS,FP3,0.308
2023,Hungarian Grand Prix,BOT,FP3,0.678
2023,Hungarian Grand Prix,PIA,FP3,0.787
2023,Belgian Grand Prix,SAR,FP1,13.21
2023,Belgian Grand Prix,RIC,FP1,6.112
2023,Belgian Grand Prix,NOR,FP1,1.277
2023,Belgian Grand Prix,GAS,FP1,44.806
2023,Belgian Grand Prix,PER,FP1,5.033
2023,Belgian Grand Prix,ALO,FP1,7.076
2023,Belgian Grand Prix,LEC,FP1,4.941
2023,Belgian Grand Prix,STR,FP1,18.739
2023,Belgian Grand Prix,MAG,FP1,6.022
2023,Belgian Grand Prix,TSU,FP1,5.86
2023,Belgian Grand Prix,ALB,FP1,5.187
2023,Belgian Grand Prix,ZHO,FP1,10.795
2023,Belgian Grand Prix,HUL,FP1,6.835
2023,Belgian Grand Prix,OCO,FP1,12.811
2023,Belgian Grand Prix,HAM,FP1,7.092
2023,Belgian Grand Prix,SAI,FP1,0.0
2023,Belgian Grand Prix,RUS,FP1,7.268
2023,Belgian Grand Prix,BOT,FP1,8.878
2023,Belgian Grand Prix,PIA,FP1,0.585
2023,Dutch Grand Prix,VER,FP1,0.0
2023,Dutch Grand Prix,SAR,FP1,0.765
2023,Dutch Grand Prix,RIC,FP1,1.138
2023,Dutch Grand Prix,NOR,FP1,0.608
2023,Dutch Grand Prix,GAS,FP1,1.043
2023,Dutch Grand Prix,PER,FP1,0.471
2023,Dutch Grand Prix,ALO,FP1,0.278
2023,Dutch Grand Prix,LEC,FP1,1.667
2023,Dutch Grand Prix,STR,FP1,26.55
2023,Dutch Grand Prix,MAG,FP1,1.47
2023,Dutch Grand Prix,TSU,FP1,0.897
2023,Dutch Grand Prix,ALB,FP1,0.595
2023,Dutch Grand Prix,ZHO,FP1,1.974
2023,Dutch Grand Prix,HUL,FP1,2.171
2023,Dutch Grand Prix,OCO,FP1,0.95
2023,Dutch Grand Prix,SHW,FP1,2.951
2023,Dutch Grand Prix,HAM,FP1,0.373
2023,Dutch Grand Prix,RUS,FP1,0.961
2023,Dutch Grand Prix,BOT,FP1,1.596
2023,Dutch Grand Prix,PIA,FP1,0.806
2023,Dutch Grand Prix,VER,FP2,0.023
2023,Dutch Grand Prix,SAR,FP2,0.604
2023,Dutch Grand Prix,RIC,FP2,1.766
2023,Dutch Grand Prix,NOR,FP2,0.0
2023,Dutch Grand Prix,GAS,FP2,0.436
2023,Dutch Grand Prix,PER,FP2,0.487
2023,Dutch Grand Prix,ALO,FP2,0.533
2023,Dutch Grand Prix,LEC,FP2,0.585
2023,Dutch Grand Prix,STR,FP2,0.505
2023,Dutch Grand Prix,MAG,FP2,1.074
2023,Dutch Grand Prix,TSU,FP2,0.39
2023,Dutch Grand Prix,ALB,FP2,0.269
2023,Dutch Grand Prix,ZHO,FP2,0.744
2023,Dutch Grand Prix,HUL,FP2,1.363
2023,Dutch Grand Prix,OCO,FP2,0.671
2023,Dutch Grand Prix,HAM,FP2,0.308
2023,Dutch Grand Prix,SAI,FP2,0.763
2023,Dutch Grand Prix,RUS,FP2,0.679
2023,Dutch Grand Prix,BOT,FP2,0.527
2023,Dutch Grand Prix,PIA,FP2,1.571
2023,Dutch Grand Prix,VER,FP3,0.0
2023,Dutch Grand Prix,SAR,FP3,1.939
2023,Dutch Grand Prix,NOR,FP3,1.527
2023,Dutch Grand Prix,GAS,FP3,1.579
2023,Dutch Grand Prix,PER,FP3,1.0
2023,Dutch Grand Prix,ALO,FP3,1.003
2023,Dutch Grand Prix,LEC,FP3,1.462
2023,Dutch Grand Prix,STR,FP3,2.427
2023,Dutch Grand Prix,TSU,FP3,1.913
2023,Dutch Grand Prix,ALB,FP3,1.119
2023,Dutch Grand Prix,ZHO,FP3,6.851
2023,Dutch Grand Prix,HUL,FP3,2.009
2023,Dutch Grand Prix,OCO,FP3,2.175
2023,Dutch Grand Prix,LAW,FP3,4.712
2023,Dutch Grand Prix,HAM,FP3,1.092
2023,Dutch Grand Prix,SAI,FP3,1.807
2023,Dutch Grand Prix,RUS,FP3,0.379
2023,Dutch Grand Prix,BOT,FP3,1.334
2023,Dutch Grand Prix,PIA,FP3,1.261
2023,Italian Grand Prix,VER,FP1,0.0
2023,Italian Grand Prix,SAR,FP1,1.004
2023,Italian Grand Prix,NOR,FP1,0.584
2023,Italian Grand Prix,GAS,FP1,1.274
2023,Italian Grand Prix,PER,FP1,0.177
2023,Italian Grand Prix,ALO,FP1,0.557
2023,Italian Grand Prix,LEC,FP1,0.309
2023,Italian Grand Prix,MAG,FP1,1.56
2023,Italian Grand Prix,TSU,FP1,0.614
2023,Italian Grand Prix,ALB,FP1,0.787
2023,Italian Grand Prix,ZHO,FP1,1.575
2023,Italian Grand Prix,HUL,FP1,1.41
2023,Italian Grand Prix,OCO,FP1,1.433
2023,Italian Grand Prix,DRU,FP1,1.483
2023,Italian Grand Prix,LAW,FP1,1.176
2023,Italian Grand Prix,HAM,FP1,0.612
2023,Italian Grand Prix,SAI,FP1,0.046
2023,Italian Grand Prix,RUS,FP1,0.532
2023,Italian Grand Prix,BOT,FP1,1.295
2023,Italian Grand Prix,PIA,FP1,0.789
2023,Italian Grand Prix,VER,FP2,0.276
2023,Italian Grand Prix,SAR,FP2,1.4
2023,Italian Grand Prix,NOR,FP2,0.019
2023,Italian Grand Prix,GAS,FP2,1.296
2023,Italian Grand Prix,PER,FP2,0.185
2023,Italian Grand Prix,ALO,FP2,0.716
2023,Italian Grand Prix,LEC,FP2,0.361
2023,Italian Grand Prix,STR,FP2,1048.346
2023,Italian Grand Prix,MAG,FP2,1.219
2023,Italian Grand Prix,TSU,FP2,1.341
2023,Italian Grand Prix,ALB,FP2,0.624
2023,Italian Grand Prix,ZHO,FP2,1.991
2023,Italian Grand Prix,HUL,FP2,0.936
2023,Italian Grand Prix,OCO,FP2,1.361
2023,Italian Grand Prix,LAW,FP2,1.812
2023,Italian Grand Prix,HAM,FP2,1.428
2023,Italian Grand Prix,SAI,FP2,0.0
2023,Italian Grand Prix,RUS,FP2,0.821
2023,Italian Grand Prix,BOT,FP2,1.24
2023,Italian Grand Prix,PIA,FP2,0.19
2023,Italian Grand Prix,VER,FP3,0.086
2023,Italian Grand Prix,SAR,FP3,1.468
2023,Italian Grand Prix,NOR,FP3,1.603
2023,Italian Grand Prix,GAS,FP3,1.94
2023,Italian Grand Prix,PER,FP3,1.28
2023,Italian Grand Prix,ALO,FP3,0.799
2023,Italian Grand Prix,LEC,FP3,0.574
2023,Italian Grand Prix,STR,FP3,1.333
2023,Italian Grand Prix,MAG,FP3,0.972
2023,Italian Grand Prix,TSU,FP3,1.385
2023,Italian Grand Prix,ALB,FP3,1.142
2023,Italian Grand Prix,ZHO,FP3,1.83
2023,Italian Grand Prix,HUL,FP3,1.073
2023,Italian Grand Prix,OCO,FP3,1.827
2023,Italian Grand Prix,LAW,FP3,1.384
2023,Italian Grand Prix,HAM,FP3,0.541
2023,Italian Grand Prix,SAI,FP3,0.0
2023,Italian Grand Prix,RUS,FP3,0.818
2023,Italian Grand Prix,BOT,FP3,1.599
2023,Italian Grand Prix,PIA,FP3,1.39
2023,Singapore Grand Prix,VER,FP1,0.126
2023,Singapore Grand Prix,SAR,FP1,2.428
2023,Singapore Grand Prix,NOR,FP1,0.172
2023,Singapore Grand Prix,GAS,FP1,1.289
2023,Singapore Grand Prix,PER,FP1,0.375
2023,Singapore Grand Prix,ALO,FP1,0.624
2023,Singapore Grand Prix,LEC,FP1,0.0
2023,Singapore Grand Prix,STR,FP1,1.218
2023,Singapore Grand Prix,MAG,FP1,1.537
2023,Singapore Grand Prix,TSU,FP1,0.692
2023,Singapore Grand Prix,ALB,FP1,1.307
2023,Singapore Grand Prix,ZHO,FP1,2.106
2023,Singapore Grand Prix,HUL,FP1,1.635
2023,Singapore Grand Prix,OCO,FP1,0.716
2023,Singapore Grand Prix,LAW,FP1,1.544
2023,Singapore Grand Prix,HAM,FP1,0.19
2023,Singapore Grand Prix,SAI,FP1,0.078
2023,Singapore Grand Prix,RUS,FP1,0.345
2023,Singapore Grand Prix,BOT,FP1,1.452
2023,Singapore Grand Prix,PIA,FP1,2.124
2023,Singapore Grand Prix,VER,FP2,0.732
2023,Singapore Grand Prix,SAR,FP2,2.207
2023,Singapore Grand Prix,NOR,FP2,0.591
2023,Singapore Grand Prix,GAS,FP2,1.704
2023,Singapore Grand Prix,PER,FP2,0.692
2023,Singapore Grand Prix,ALO,FP2,0.358
2023,Singapore Grand Prix,LEC,FP2,0.018
2023,Singapore Grand Prix,STR,FP2,1.27
2023,Singapore Grand Prix,MAG,FP2,0.897
2023,Singapore Grand Prix,TSU,FP2,1.357
2023,Singapore Grand Prix,ALB,FP2,3.438
2023,Singapore Grand Prix,ZHO,FP2,1.455
2023,Singapore Grand Prix,HUL,FP2,1.019
2023,Singapore Grand Prix,OCO,FP2,1.241
2023,Singapore Grand Prix,LAW,FP2,1.165
2023,Singapore Grand Prix,HAM,FP2,0.465
2023,Singapore Grand Prix,SAI,FP2,0.0
2023,Singapore Grand Prix,RUS,FP2,0.235
2023,Singapore Grand Prix,BOT,FP2,0.985
2023,Singapore Grand Prix,PIA,FP2,1.341
2023,Singapore Grand Prix,VER,FP3,0.313
2023,Singapore Grand Prix,SAR,FP3,1.643
2023,Singapore Grand Prix,NOR,FP3,0.238
2023,Singapore Grand Prix,GAS,FP3,1.286
2023,Singapore Grand Prix,PER,FP3,0.719
2023,Singapore Grand Prix,ALO,FP3,0.986
2023,Singapore Grand Prix,LEC,FP3,0.316
2023,Singapore Grand Prix,STR,FP3,1.061
2023,Singapore Grand Prix,MAG,FP3,0.905
2023,Singapore Grand Prix,TSU,FP3,0.88
2023,Singapore Grand Prix,ALB,FP3,1.305
2023,Singapore Grand Prix,ZHO,FP3,1.572
2023,Singapore Grand Prix,HUL,FP3,0.831
2023,Singapore Grand Prix,OCO,FP3,0.914
2023,Singapore Grand Prix,LAW,FP3,1.292
2023,Singapore Grand Prix,HAM,FP3,0.47
2023,Singapore Grand Prix,SAI,FP3,0.0
2023,Singapore Grand Prix,RUS,FP3,0.069
2023,Singapore Grand Prix,BOT,FP3,1.475
2023,Singapore Grand Prix,PIA,FP3,0.665
2023,Japanese Grand Prix,VER,FP1,0.0
2023,Japanese Grand Prix,SAR,FP1,2.565
2023,Japanese Grand Prix,NOR,FP1,0.745
2023,Japanese Grand Prix,GAS,FP1,1.482
2023,Japanese Grand Prix,PER,FP1,1.396
2023,Japanese Grand Prix,ALO,FP1,1.003
2023,Japanese Grand Prix,LEC,FP1,0.927
2023,Japanese Grand Prix,STR,FP1,1.393
2023,Japanese Grand Prix,MAG,FP1,2.328
2023,Japanese Grand Prix,TSU,FP1,0.95
2023,Japanese Grand Prix,ALB,FP1,1.344
2023,Japanese Grand Prix,ZHO,FP1,3.184
2023,Japanese Grand Prix,HUL,FP1,1.801
2023,Japanese Grand Prix,OCO,FP1,1.869
2023,Japanese Grand Prix,LAW,FP1,1.358
2023,Japanese Grand Prix,HAM,FP1,2.052
2023,Japanese Grand Prix,SAI,FP1,0.626
2023,Japanese Grand Prix,RUS,FP1,1.663
2023,Japanese Grand Prix,BOT,FP1,2.213
2023,Japanese Grand Prix,PIA,FP1,1.066
2023,Japanese Grand Prix,VER,FP2,0.0
2023,Japanese Grand Prix,SAR,FP2,1.632
2023,Japanese Grand Prix,NOR,FP2,0.464
2023,Japanese Grand Prix,GAS,FP2,1.491
2023,Japanese Grand Prix,PER,FP2,1.022
2023,Japanese Grand Prix,ALO,FP2,0.804
2023,Japanese Grand Prix,LEC,FP2,0.32
2023,Japanese Grand Prix,STR,FP2,1.083
2023,Japanese Grand Prix,MAG,FP2,1.481
2023,Japanese Grand Prix,TSU,FP2,1.49
2023,Japanese Grand Prix,ALB,FP2,0.867
2023,Japanese Grand Prix,ZHO,FP2,1.477
2023,Japanese Grand Prix,HUL,FP2,1.109
2023,Japanese Grand Prix,OCO,FP2,1.106
2023,Japanese Grand Prix,LAW,FP2,1.453
2023,Japanese Grand Prix,HAM,FP2,1.141
2023,Japanese Grand Prix,SAI,FP2,0.549
2023,Japanese Grand Prix,RUS,FP2,0.64
2023,Japanese Grand Prix,BOT,FP2,1.051
2023,Japanese Grand Prix,PIA,FP2,0.974
2023,Japanese Grand Prix,VER,FP3,0.0
2023,Japanese Grand Prix,SAR,FP3,1.735
2023,Japanese Grand Prix,NOR,FP3,0.24
2023,Japanese Grand Prix,GAS,FP3,1.932
2023,Japanese Grand Prix,PER,FP3,0.737
2023,Japanese Grand Prix,ALO,FP3,1.282
2023,Japanese Grand Prix,LEC,FP3,0.755
2023,Japanese Grand Prix,STR,FP3,1.887
2023,Japanese Grand Prix,MAG,FP3,1.613
2023,Japanese Grand Prix,TSU,FP3,1.684
2023,Japanese Grand Prix,ALB,FP3,1.846
2023,Japanese Grand Prix,ZHO,FP3,1.401
2023,Japanese Grand Prix,HUL,FP3,1.712
2023,Japanese Grand Prix,OCO,FP3,1.657
2023,Japanese Grand Prix,LAW,FP3,1.781
2023,Japanese Grand Prix,HAM,FP3,0.892
2023,Japanese Grand Prix,SAI,FP3,0.87
2023,Japanese Grand Prix,RUS,FP3,1.238
2023,Japanese Grand Prix,BOT,FP3,1.432
2023,Japanese Grand Prix,PIA,FP3,0.288
2023,Qatar Grand Prix,VER,FP1,0.0
2023,Qatar Grand Prix,SAR,FP1,1.122
2023,Qatar Grand Prix,NOR,FP1,1.013
2023,Qatar Grand Prix,GAS,FP1,1.393
2023,Qatar Grand Prix,PER,FP1,0.588
2023,Qatar Grand Prix,ALO,FP1,0.491
2023,Qatar Grand Prix,LEC,FP1,0.481
2023,Qatar Grand Prix,STR,FP1,1.262
2023,Qatar Grand Prix,MAG,FP1,2.074
2023,Qatar Grand Prix,TSU,FP1,0.599
2023,Qatar Grand Prix,ALB,FP1,1.162
2023,Qatar Grand Prix,ZHO,FP1,1.678
2023,Qatar Grand Prix,HUL,FP1,0.743
2023,Qatar Grand Prix,OCO,FP1,1.304
2023,Qatar Grand Prix,LAW,FP1,1.81
2023,Qatar Grand Prix,HAM,FP1,1.251
2023,Qatar Grand Prix,SAI,FP1,0.334
2023,Qatar Grand Prix,RUS,FP1,0.908
2023,Qatar Grand Prix,BOT,FP1,1.613
2023,Qatar Grand Prix,PIA,FP1,0.952
2023,United States Grand Prix,VER,FP1,0.0
2023,United States Grand Prix,SAR,FP1,1.075
2023,United States Grand Prix,RIC,FP1,1.24
2023,United States Grand Prix,NOR,FP1,1.344
2023,United States Grand Prix,GAS,FP1,0.793
2023,United States Grand Prix,PER,FP1,0.3
2023,United States Grand Prix,ALO,FP1,1.928
2023,United States Grand Prix,LEC,FP1,0.156
2023,United States Grand Prix,STR,FP1,4.028
2023,United States Grand Prix,MAG,FP1,0.56
2023,United States Grand Prix,TSU,FP1,1.192
2023,United States Grand Prix,ALB,FP1,0.58
2023,United States Grand Prix,ZHO,FP1,1.506
2023,United States Grand Prix,HUL,FP1,0.79
2023,United States Grand Prix,OCO,FP1,1.154
2023,United States Grand Prix,HAM,FP1,0.281
2023,United States Grand Prix,SAI,FP1,0.621
2023,United States Grand Prix,RUS,FP1,0.562
2023,United States Grand Prix,BOT,FP1,1.605
2023,United States Grand Prix,PIA,FP1,2.508
2023,Mexico City Grand Prix,VER,FP1,0.0
2023,Mexico City Grand Prix,SAR,FP1,1.439
2023,Mexico City Grand Prix,RIC,FP1,0.85
2023,Mexico City Grand Prix,NOR,FP1,0.519
2023,Mexico City Grand Prix,PER,FP1,0.297
2023,Mexico City Grand Prix,ALO,FP1,1.629
2023,Mexico City Grand Prix,LEC,FP1,0.579
2023,Mexico City Grand Prix,STR,FP1,0.969
2023,Mexico City Grand Prix,ALB,FP1,0.095
2023,Mexico City Grand Prix,ZHO,FP1,1.411
2023,Mexico City Grand Prix,HUL,FP1,1.25
2023,Mexico City Grand Prix,OCO,FP1,0.959
2023,Mexico City Grand Prix,HAD,FP1,2.223
2023,Mexico City Grand Prix,VES,FP1,3.219
2023,Mexico City Grand Prix,HAM,FP1,1.006
2023,Mexico City Grand Prix,BEA,FP1,1.595
2023,Mexico City Grand Prix,SAI,FP1,0.761
2023,Mexico City Grand Prix,DOO,FP1,2.391
2023,Mexico City Grand Prix,PIA,FP1,0.745
2023,Mexico City Grand Prix,VER,FP2,0.0
2023,Mexico City Grand Prix,SAR,FP2,1.214
2023,Mexico City Grand Prix,RIC,FP2,0.316
2023,Mexico City Grand Prix,NOR,FP2,0.119
2023,Mexico City Grand Prix,GAS,FP2,0.956
2023,Mexico City Grand Prix,PER,FP2,0.302
2023,Mexico City Grand Prix,ALO,FP2,1.74
2023,Mexico City Grand Prix,LEC,FP2,0.266
2023,Mexico City Grand Prix,STR,FP2,1.389
2023,Mexico City Grand Prix,MAG,FP2,1.426
2023,Mexico City Grand Prix,TSU,FP2,0.604
2023,Mexico City Grand Prix,ALB,FP2,0.76
2023,Mexico City Grand Prix,ZHO,FP2,0.729
2023,Mexico City Grand Prix,HUL,FP2,0.849
2023,Mexico City Grand Prix,OCO,FP2,0.391
2023,Mexico City Grand Prix,HAM,FP2,0.338
2023,Mexico City Grand Prix,SAI,FP2,0.571
2023,Mexico City Grand Prix,RUS,FP2,0.541
2023,Mexico City Grand Prix,BOT,FP2,0.269
2023,Mexico City Grand Prix,PIA,FP2,0.477
2023,Mexico City Grand Prix,VER,FP3,0.0
2023,Mexico City Grand Prix,SAR,FP3,0.831
2023,Mexico City Grand Prix,RIC,FP3,0.612
2023,Mexico City Grand Prix,NOR,FP3,0.593
2023,Mexico City Grand Prix,GAS,FP3,1.622
2023,Mexico City Grand Prix,PER,FP3,0.139
2023,Mexico City Grand Prix,ALO,FP3,1.584
2023,Mexico City Grand Prix,LEC,FP3,1.083
2023,Mexico City Grand Prix,STR,FP3,1.207
2023,Mexico City Grand Prix,MAG,FP3,1.686
2023,Mexico City Grand Prix,TSU,FP3,0.563
2023,Mexico City Grand Prix,ALB,FP3,0.07
2023,Mexico City Grand Prix,ZHO,FP3,1.03
2023,Mexico City Grand Prix,HUL,FP3,1.433
2023,Mexico City Grand Prix,OCO,FP3,1.952
2023,Mexico City Grand Prix,HAM,FP3,0.635
2023,Mexico City Grand Prix,SAI,FP3,1.406
2023,Mexico City Grand Prix,RUS,FP3,0.361
2023,Mexico City Grand Prix,BOT,FP3,0.55
2023,Mexico City Grand Prix,PIA,FP3,0.505
2023,São Paulo Grand Prix,VER,FP1,1.061
2023,São Paulo Grand Prix,SAR,FP1,0.847
2023,São Paulo Grand Prix,RIC,FP1,1.046
2023,São Paulo Grand Prix,NOR,FP1,1.897
2023,São Paulo Grand Prix,GAS,FP1,0.452
2023,São Paulo Grand Prix,PER,FP1,1.324
2023,São Paulo Grand Prix,ALO,FP1,0.883
2023,São Paulo Grand Prix,LEC,FP1,0.108
2023,São Paulo Grand Prix,STR,FP1,0.404
2023,São Paulo Grand Prix,MAG,FP1,0.86
2023,São Paulo Grand Prix,TSU,FP1,0.982
2023,São Paulo Grand Prix,ALB,FP1,0.312
2023,São Paulo Grand Prix,ZHO,FP1,0.749
2023,São Paulo Grand Prix,HUL,FP1,0.196
2023,São Paulo Grand Prix,OCO,FP1,1.047
2023,São Paulo Grand Prix,HAM,FP1,0.906
2023,São Paulo Grand Prix,SAI,FP1,0.0
2023,São Paulo Grand Prix,RUS,FP1,0.133
2023,São Paulo Grand Prix,BOT,FP1,1.28
2023,São Paulo Grand Prix,PIA,FP1,2.106
2023,Las Vegas Grand Prix,VER,FP1,3.488
2023,Las Vegas Grand Prix,RIC,FP1,7.741
2023,Las Vegas Grand Prix,NOR,FP1,8.038
2023,Las Vegas Grand Prix,GAS,FP1,7.344
2023,Las Vegas Grand Prix,PER,FP1,5.884
2023,Las Vegas Grand Prix,LEC,FP1,0.0
2023,Las Vegas Grand Prix,MAG,FP1,3.352
2023,Las Vegas Grand Prix,TSU,FP1,4.999
2023,Las Vegas Grand Prix,ALB,FP1,19.147
2023,Las Vegas Grand Prix,ZHO,FP1,7.913
2023,Las Vegas Grand Prix,HUL,FP1,2.537
2023,Las Vegas Grand Prix,OCO,FP1,4.456
2023,Las Vegas Grand Prix,HAM,FP1,7.604
2023,Las Vegas Grand Prix,SAI,FP1,4.915
2023,Las Vegas Grand Prix,RUS,FP1,4.588
2023,Las Vegas Grand Prix,BOT,FP1,6.238
2023,Las Vegas Grand Prix,PIA,FP1,22.698
2023,Las Vegas Grand Prix,VER,FP2,0.918
2023,Las Vegas Grand Prix,SAR,FP2,2.875
2023,Las Vegas Grand Prix,RIC,FP2,2.415
2023,Las Vegas Grand Prix,NOR,FP2,1.599
2023,Las Vegas Grand Prix,GAS,FP2,1.869
2023,Las Vegas Grand Prix,PER,FP2,0.82
2023,Las Vegas Grand Prix,ALO,FP2,0.528
2023,Las Vegas Grand Prix,LEC,FP2,0.0
2023,Las Vegas Grand Prix,STR,FP2,1.231
2023,Las Vegas Grand Prix,MAG,FP2,1.652
2023,Las Vegas Grand Prix,TSU,FP2,2.147
2023,Las Vegas Grand Prix,ALB,FP2,1.423
2023,Las Vegas Grand Prix,ZHO,FP2,2.391
2023,Las Vegas Grand Prix,HUL,FP2,1.224
2023,Las Vegas Grand Prix,OCO,FP2,1.976
2023,Las Vegas Grand Prix,HAM,FP2,1.398
2023,Las Vegas Grand Prix,SAI,FP2,0.517
2023,Las Vegas Grand Prix,RUS,FP2,1.625
2023,Las Vegas Grand Prix,BOT,FP2,0.864
2023,Las Vegas Grand Prix,PIA,FP2,1.722
2023,Las Vegas Grand Prix,VER,FP3,0.56
2023,Las Vegas Grand Prix,SAR,FP3,0.552
2023,Las Vegas Grand Prix,RIC,FP3,3.685
2023,Las Vegas Grand Prix,NOR,FP3,0.996
2023,Las Vegas Grand Prix,GAS,FP3,2.392
2023,Las Vegas Grand Prix,PER,FP3,0.613
2023,Las Vegas Grand Prix,ALO,FP3,0.695
2023,Las Vegas Grand Prix,LEC,FP3,1.815
2023,Las Vegas Grand Prix,STR,FP3,1.16
2023,Las Vegas Grand Prix,MAG,FP3,0.974
2023,Las Vegas Grand Prix,TSU,FP3,1.994
2023,Las Vegas Grand Prix,ALB,FP3,0.633
2023,Las Vegas Grand Prix,ZHO,FP3,1.788
2023,Las Vegas Grand Prix,HUL,FP3,1.019
2023,Las Vegas Grand Prix,OCO,FP3,1.204
2023,Las Vegas Grand Prix,HAM,FP3,0.76
2023,Las Vegas Grand Prix,SAI,FP3,1.846
2023,Las Vegas Grand Prix,RUS,FP3,0.0
2023,Las Vegas Grand Prix,BOT,FP3,0.815
2023,Las Vegas Grand Prix,PIA,FP3,0.398
2023,Abu Dhabi Grand Prix,SAR,FP1,0.67
2023,Abu Dhabi Grand Prix,RIC,FP1,0.361
2023,Abu Dhabi Grand Prix,GAS,FP1,0.648
2023,Abu Dhabi Grand Prix,STR,FP1,0.559
2023,Abu Dhabi Grand Prix,MAG,FP1,1.39
2023,Abu Dhabi Grand Prix,TSU,FP1,0.653
2023,Abu Dhabi Grand Prix,OWA,FP1,1.042
2023,Abu Dhabi Grand Prix,DRU,FP1,0.288
2023,Abu Dhabi Grand Prix,DEN,FP1,1.136
2023,Abu Dhabi Grand Prix,HAD,FP1,1.172
2023,Abu Dhabi Grand Prix,SHW,FP1,0.631
2023,Abu Dhabi Grand Prix,VES,FP1,0.743
2023,Abu Dhabi Grand Prix,OSU,FP1,1.388
2023,Abu Dhabi Grand Prix,BEA,FP1,1.497
2023,Abu Dhabi Grand Prix,SAI,FP1,0.604
2023,Abu Dhabi Grand Prix,DOO,FP1,0.793
2023,Abu Dhabi Grand Prix,RUS,FP1,0.0
2023,Abu Dhabi Grand Prix,BOT,FP1,0.381
2023,Abu Dhabi Grand Prix,PIA,FP1,0.593
2023,Abu Dhabi Grand Prix,POU,FP1,1.021
2023,Abu Dhabi Grand Prix,VER,FP2,0.173
2023,Abu Dhabi Grand Prix,SAR,FP2,1.85
2023,Abu Dhabi Grand Prix,RIC,FP2,0.658
2023,Abu Dhabi Grand Prix,NOR,FP2,0.043
2023,Abu Dhabi Grand Prix,GAS,FP2,0.512
2023,Abu Dhabi Grand Prix,PER,FP2,0.303
2023,Abu Dhabi Grand Prix,ALO,FP2,0.588
2023,Abu Dhabi Grand Prix,LEC,FP2,0.0
2023,Abu Dhabi Grand Prix,STR,FP2,0.683
2023,Abu Dhabi Grand Prix,MAG,FP2,1.604
2023,Abu Dhabi Grand Prix,TSU,FP2,0.86
2023,Abu Dhabi Grand Prix,ALB,FP2,1.272
2023,Abu Dhabi Grand Prix,ZHO,FP2,0.414
2023,Abu Dhabi Grand Prix,HUL,FP2,2.338
2023,Abu Dhabi Grand Prix,OCO,FP2,0.757
2023,Abu Dhabi Grand Prix,HAM,FP2,0.506
2023,Abu Dhabi Grand Prix,SAI,FP2,1.898
2023,Abu Dhabi Grand Prix,RUS,FP2,0.313
2023,Abu Dhabi Grand Prix,BOT,FP2,0.215
2023,Abu Dhabi Grand Prix,PIA,FP2,0.552
2023,Abu Dhabi Grand Prix,VER,FP3,0.735
2023,Abu Dhabi Grand Prix,SAR,FP3,0.787
2023,Abu Dhabi Grand Prix,RIC,FP3,1.179
2023,Abu Dhabi Grand Prix,NOR,FP3,0.095
2023,Abu Dhabi Grand Prix,GAS,FP3,0.885
2023,Abu Dhabi Grand Prix,PER,FP3,0.841
2023,Abu Dhabi Grand Prix,ALO,FP3,0.925
2023,Abu Dhabi Grand Prix,LEC,FP3,0.681
2023,Abu Dhabi Grand Prix,STR,FP3,0.987
2023,Abu Dhabi Grand Prix,MAG,FP3,1.234
2023,Abu Dhabi Grand Prix,TSU,FP3,0.804
2023,Abu Dhabi Grand Prix,ALB,FP3,0.511
2023,Abu Dhabi Grand Prix,ZHO,FP3,0.84
2023,Abu Dhabi Grand Prix,HUL,FP3,1.166
2023,Abu Dhabi Grand Prix,OCO,FP3,0.776
2023,Abu Dhabi Grand Prix,HAM,FP3,0.874
2023,Abu Dhabi Grand Prix,SAI,FP3,1.295
2023,Abu Dhabi Grand Prix,RUS,FP3,0.0
2023,Abu Dhabi Grand Prix,BOT,FP3,1.002
2023,Abu Dhabi Grand Prix,PIA,FP3,0.392
2024,Bahrain Grand Prix,VER,FP1,0.369
2024,Bahrain Grand Prix,SAR,FP1,1.344
2024,Bahrain Grand Prix,RIC,FP1,0.0
2024,Bahrain Grand Prix,NOR,FP1,0.032
2024,Bahrain Grand Prix,GAS,FP1,2.275
2024,Bahrain Grand Prix,PER,FP1,0.544
2024,Bahrain Grand Prix,ALO,FP1,0.324
2024,Bahrain Grand Prix,LEC,FP1,0.399
2024,Bahrain Grand Prix,STR,FP1,0.999
2024,Bahrain Grand Prix,MAG,FP1,4.608
2024,Bahrain Grand Prix,TSU,FP1,0.314
2024,Bahrain Grand Prix,ALB,FP1,0.714
2024,Bahrain Grand Prix,ZHO,FP1,1.054
2024,Bahrain Grand Prix,HUL,FP1,5.069
2024,Bahrain Grand Prix,OCO,FP1,1.938
2024,Bahrain Grand Prix,HAM,FP1,0.433
2024,Bahrain Grand Prix,SAI,FP1,0.516
2024,Bahrain Grand Prix,RUS,FP1,0.382
2024,Bahrain Grand Prix,BOT,FP1,0.485
2024,Bahrain Grand Prix,PIA,FP1,0.244
2024,Bahrain Grand Prix,VER,FP2,0.477
2024,Bahrain Grand Prix,SAR,FP2,1.341
2024,Bahrain Grand Prix,RIC,FP2,1.142
2024,Bahrain Grand Prix,NOR,FP2,2.234
2024,Bahrain Grand Prix,GAS,FP2,1.577
2024,Bahrain Grand Prix,PER,FP2,0.741
2024,Bahrain Grand Prix,ALO,FP2,0.286
2024,Bahrain Grand Prix,LEC,FP2,0.739
2024,Bahrain Grand Prix,STR,FP2,0.517
2024,Bahrain Grand Prix,MAG,FP2,1.39
2024,Bahrain Grand Prix,TSU,FP2,1.507
2024,Bahrain Grand Prix,ALB,FP2,0.959
2024,Bahrain Grand Prix,ZHO,FP2,1.674
2024,Bahrain Grand Prix,HUL,FP2,0.51
2024,Bahrain Grand Prix,OCO,FP2,1.653
2024,Bahrain Grand Prix,HAM,FP2,0.0
2024,Bahrain Grand Prix,SAI,FP2,0.395
2024,Bahrain Grand Prix,RUS,FP2,0.206
2024,Bahrain Grand Prix,BOT,FP2,1.627
2024,Bahrain Grand Prix,PIA,FP2,0.41
2024,Bahrain Grand Prix,VER,FP3,0.238
2024,Bahrain Grand Prix,SAR,FP3,1.301
2024,Bahrain Grand Prix,RIC,FP3,0.625
2024,Bahrain Grand Prix,NOR,FP3,0.294
2024,Bahrain Grand Prix,GAS,FP3,1.558
2024,Bahrain Grand Prix,PER,FP3,0.424
2024,Bahrain Grand Prix,ALO,FP3,0.141
2024,Bahrain Grand Prix,LEC,FP3,0.27
2024,Bahrain Grand Prix,STR,FP3,0.572
2024,Bahrain Grand Prix,MAG,FP3,0.847
2024,Bahrain Grand Prix,TSU,FP3,0.807
2024,Bahrain Grand Prix,ALB,FP3,1.141
2024,Bahrain Grand Prix,ZHO,FP3,1.176
2024,Bahrain Grand Prix,HUL,FP3,0.454
2024,Bahrain Grand Prix,OCO,FP3,1.3
2024,Bahrain Grand Prix,HAM,FP3,0.628
2024,Bahrain Grand Prix,SAI,FP3,0.0
2024,Bahrain Grand Prix,RUS,FP3,0.366
2024,Bahrain Grand Prix,BOT,FP3,1.272
2024,Bahrain Grand Prix,PIA,FP3,0.386
2024,Saudi Arabian Grand Prix,VER,FP1,0.0
2024,Saudi Arabian Grand Prix,SAR,FP1,1.307
2024,Saudi Arabian Grand Prix,RIC,FP1,1.258
2024,Saudi Arabian Grand Prix,NOR,FP1,0.572
2024,Saudi Arabian Grand Prix,GAS,FP1,1.387
2024,Saudi Arabian Grand Prix,PER,FP1,0.209
2024,Saudi Arabian Grand Prix,ALO,FP1,0.186
2024,Saudi Arabian Grand Prix,LEC,FP1,0.371
2024,Saudi Arabian Grand Prix,STR,FP1,0.921
2024,Saudi Arabian Grand Prix,MAG,FP1,1.918
2024,Saudi Arabian Grand Prix,TSU,FP1,1.377
2024,Saudi Arabian Grand Prix,ALB,FP1,1.088
2024,Saudi Arabian Grand Prix,ZHO,FP1,1.472
2024,Saudi Arabian Grand Prix,HUL,FP1,1.752
2024,Saudi Arabian Grand Prix,OCO,FP1,1.286
2024,Saudi Arabian Grand Prix,HAM,FP1,0.577
2024,Saudi Arabian Grand Prix,SAI,FP1,0.505
2024,Saudi Arabian Grand Prix,RUS,FP1,0.28
2024,Saudi Arabian Grand Prix,BOT,FP1,1.124
2024,Saudi Arabian Grand Prix,PIA,FP1,1.318
2024,Saudi Arabian Grand Prix,VER,FP2,0.331
2024,Saudi Arabian Grand Prix,SAR,FP2,1.107
2024,Saudi Arabian Grand Prix,RIC,FP2,1.261
2024,Saudi Arabian Grand Prix,NOR,FP2,0.931
2024,Saudi Arabian Grand Prix,GAS,FP2,0.701
2024,Saudi Arabian Grand Prix,PER,FP2,0.473
2024,Saudi Arabian Grand Prix,ALO,FP2,0.0
2024,Saudi Arabian Grand Prix,LEC,FP2,0.353
2024,Saudi Arabian Grand Prix,STR,FP2,0.509
2024,Saudi Arabian Grand Prix,MAG,FP2,1.158
2024,Saudi Arabian Grand Prix,TSU,FP2,0.839
2024,Saudi Arabian Grand Prix,ALB,FP2,0.962
2024,Saudi Arabian Grand Prix,ZHO,FP2,0.95
2024,Saudi Arabian Grand Prix,HUL,FP2,1.25
2024,Saudi Arabian Grand Prix,OCO,FP2,1.074
2024,Saudi Arabian Grand Prix,HAM,FP2,0.677
2024,Saudi Arabian Grand Prix,SAI,FP2,0.628
2024,Saudi Arabian Grand Prix,RUS,FP2,0.23
2024,Saudi Arabian Grand Prix,BOT,FP2,1.326
2024,Saudi Arabian Grand Prix,PIA,FP2,0.767
2024,Saudi Arabian Grand Prix,VER,FP3,0.0
2024,Saudi Arabian Grand Prix,SAR,FP3,59.582
2024,Saudi Arabian Grand Prix,RIC,FP3,1.328
2024,Saudi Arabian Grand Prix,NOR,FP3,0.559
2024,Saudi Arabian Grand Prix,GAS,FP3,1.134
2024,Saudi Arabian Grand Prix,PER,FP3,0.494
2024,Saudi Arabian Grand Prix,ALO,FP3,0.626
2024,Saudi Arabian Grand Prix,LEC,FP3,0.196
2024,Saudi Arabian Grand Prix,STR,FP3,0.715
2024,Saudi Arabian Grand Prix,MAG,FP3,1.073
2024,Saudi Arabian Grand Prix,TSU,FP3,1.16
2024,Saudi Arabian Grand Prix,ALB,FP3,1.396
2024,Saudi Arabian Grand Prix,ZHO,FP3,2.327
2024,Saudi Arabian Grand Prix,HUL,FP3,1.263
2024,Saudi Arabian Grand Prix,OCO,FP3,1.163
2024,Saudi Arabian Grand Prix,BEA,FP3,0.894
2024,Saudi Arabian Grand Prix,HAM,FP3,0.856
2024,Saudi Arabian Grand Prix,RUS,FP3,0.552
2024,Saudi Arabian Grand Prix,BOT,FP3,1.671
2024,Saudi Arabian Grand Prix,PIA,FP3,0.801
2024,Australian Grand Prix,VER,FP1,0.018
2024,Australian Grand Prix,SAR,FP1,0.955
2024,Australian Grand Prix,RIC,FP1,0.71
2024,Australian Grand Prix,NOR,FP1,0.0
2024,Australian Grand Prix,GAS,FP1,1.058
2024,Australian Grand Prix,PER,FP1,0.078
2024,Australian Grand Prix,ALO,FP1,1.152
2024,Australian Grand Prix,LEC,FP1,0.035
2024,Australian Grand Prix,STR,FP1,0.103
2024,Australian Grand Prix,MAG,FP1,0.925
2024,Australian Grand Prix,TSU,FP1,0.057
2024,Australian Grand Prix,ALB,FP1,0.879
2024,Australian Grand Prix,ZHO,FP1,1.425
2024,Australian Grand Prix,HUL,FP1,1.04
2024,Australian Grand Prix,OCO,FP1,0.997
2024,Australian Grand Prix,HAM,FP1,0.207
2024,Australian Grand Prix,SAI,FP1,0.122
2024,Australian Grand Prix,RUS,FP1,0.033
2024,Australian Grand Prix,BOT,FP1,1.45
2024,Australian Grand Prix,PIA,FP1,0.354
2024,Australian Grand Prix,VER,FP2,0.381
2024,Australian Grand Prix,SAR,FP2,1.301
2024,Australian Grand Prix,RIC,FP2,1.257
2024,Australian Grand Prix,NOR,FP2,0.878
2024,Australian Grand Prix,GAS,FP2,1.414
2024,Australian Grand Prix,PER,FP2,0.813
2024,Australian Grand Prix,ALO,FP2,0.635
2024,Australian Grand Prix,LEC,FP2,0.0
2024,Australian Grand Prix,STR,FP2,0.545
2024,Australian Grand Prix,MAG,FP2,1.998
2024,Australian Grand Prix,TSU,FP2,0.911
2024,Australian Grand Prix,ZHO,FP2,1.144
2024,Australian Grand Prix,HUL,FP2,1.425
2024,Australian Grand Prix,OCO,FP2,1.428
2024,Australian Grand Prix,HAM,FP2,1.557
2024,Australian Grand Prix,SAI,FP2,0.43
2024,Australian Grand Prix,RUS,FP2,0.674
2024,Australian Grand Prix,BOT,FP2,1.308
2024,Australian Grand Prix,PIA,FP2,0.8
2024,Australian Grand Prix,VER,FP3,0.02
2024,Australian Grand Prix,RIC,FP3,1.249
2024,Australian Grand Prix,NOR,FP3,0.776
2024,Australian Grand Prix,GAS,FP3,1.676
2024,Australian Grand Prix,PER,FP3,0.3
2024,Australian Grand Prix,ALO,FP3,0.283
2024,Australian Grand Prix,LEC,FP3,0.0
2024,Australian Grand Prix,STR,FP3,0.627
2024,Australian Grand Prix,MAG,FP3,1.247
2024,Australian Grand Prix,TSU,FP3,0.959
2024,Australian Grand Prix,ALB,FP3,1.045
2024,Australian Grand Prix,ZHO,FP3,1.162
2024,Australian Grand Prix,HUL,FP3,1.227
2024,Australian Grand Prix,OCO,FP3,1.206
2024,Australian Grand Prix,HAM,FP3,0.092
2024,Australian Grand Prix,SAI,FP3,0.077
2024,Australian Grand Prix,RUS,FP3,0.172
2024,Australian Grand Prix,BOT,FP3,1.038
2024,Australian Grand Prix,PIA,FP3,0.373
2024,Japanese Grand Prix,VER,FP1,0.0
2024,Japanese Grand Prix,SAR,FP1,3.148
2024,Japanese Grand Prix,NOR,FP1,1.184
2024,Japanese Grand Prix,GAS,FP1,2.221
2024,Japanese Grand Prix,PER,FP1,0.181
2024,Japanese Grand Prix,ALO,FP1,0.543
2024,Japanese Grand Prix,LEC,FP1,0.502
2024,Japanese Grand Prix,STR,FP1,1.999
2024,Japanese Grand Prix,MAG,FP1,2.747
2024,Japanese Grand Prix,TSU,FP1,1.174
2024,Japanese Grand Prix,ALB,FP1,1.887
2024,Japanese Grand Prix,ZHO,FP1,2.582
2024,Japanese Grand Prix,HUL,FP1,1.902
2024,Japanese Grand Prix,OCO,FP1,1.879
2024,Japanese Grand Prix,IWA,FP1,2.047
2024,Japanese Grand Prix,HAM,FP1,0.487
2024,Japanese Grand Prix,SAI,FP1,0.213
2024,Japanese Grand Prix,RUS,FP1,0.474
2024,Japanese Grand Prix,BOT,FP1,1.998
2024,Japanese Grand Prix,PIA,FP1,1.109
2024,Japanese Grand Prix,RIC,FP2,7.188
2024,Japanese Grand Prix,NOR,FP2,10.252
2024,Japanese Grand Prix,LEC,FP2,4.035
2024,Japanese Grand Prix,MAG,FP2,55.747
2024,Japanese Grand Prix,TSU,FP2,6.221
2024,Japanese Grand Prix,ALB,FP2,29.096
2024,Japanese Grand Prix,ZHO,FP2,28.592
2024,Japanese Grand Prix,HUL,FP2,14.748
2024,Japanese Grand Prix,OCO,FP2,24.388
2024,Japanese Grand Prix,HAM,FP2,0.501
2024,Japanese Grand Prix,SAI,FP2,17.854
2024,Japanese Grand Prix,BOT,FP2,21.334
2024,Japanese Grand Prix,PIA,FP2,0.0
2024,Japanese Grand Prix,VER,FP3,0.0
2024,Japanese Grand Prix,SAR,FP3,1.889
2024,Japanese Grand Prix,RIC,FP3,1.119
2024,Japanese Grand Prix,NOR,FP3,0.574
2024,Japanese Grand Prix,GAS,FP3,1.578
2024,Japanese Grand Prix,PER,FP3,0.269
2024,Japanese Grand Prix,ALO,FP3,0.519
2024,Japanese Grand Prix,LEC,FP3,0.82
2024,Japanese Grand Prix,STR,FP3,1.779
2024,Japanese Grand Prix,MAG,FP3,1.899
2024,Japanese Grand Prix,TSU,FP3,0.778
2024,Japanese Grand Prix,ALB,FP3,0.97
2024,Japanese Grand Prix,ZHO,FP3,1.504
2024,Japanese Grand Prix,HUL,FP3,1.576
2024,Japanese Grand Prix,OCO,FP3,1.459
2024,Japanese Grand Prix,HAM,FP3,0.474
2024,Japanese Grand Prix,SAI,FP3,0.608
2024,Japanese Grand Prix,RUS,FP3,0.355
2024,Japanese Grand Prix,BOT,FP3,0.983
2024,Japanese Grand Prix,PIA,FP3,0.663
2024,Chinese Grand Prix,VER,FP1,0.358
2024,Chinese Grand Prix,SAR,FP1,1.984
2024,Chinese Grand Prix,RIC,FP1,0.936
2024,Chinese Grand Prix,NOR,FP1,2.328
2024,Chinese Grand Prix,GAS,FP1,2.974
2024,Chinese Grand Prix,PER,FP1,0.388
2024,Chinese Grand Prix,ALO,FP1,2.634
2024,Chinese Grand Prix,LEC,FP1,1.788
2024,Chinese Grand Prix,STR,FP1,0.0
2024,Chinese Grand Prix,MAG,FP1,0.816
2024,Chinese Grand Prix,TSU,FP1,1.704
2024,Chinese Grand Prix,ALB,FP1,0.927
2024,Chinese Grand Prix,ZHO,FP1,1.324
2024,Chinese Grand Prix,HUL,FP1,0.799
2024,Chinese Grand Prix,OCO,FP1,0.911
2024,Chinese Grand Prix,HAM,FP1,2.537
2024,Chinese Grand Prix,SAI,FP1,1.982
2024,Chinese Grand Prix,RUS,FP1,2.504
2024,Chinese Grand Prix,BOT,FP1,1.228
2024,Chinese Grand Prix,PIA,FP1,0.327
2024,Miami Grand Prix,VER,FP1,0.0
2024,Miami Grand Prix,SAR,FP1,1.296
2024,Miami Grand Prix,RIC,FP1,0.583
2024,Miami Grand Prix,NOR,FP1,0.9
2024,Miami Grand Prix,GAS,FP1,0.58
2024,Miami Grand Prix,PER,FP1,0.273
2024,Miami Grand Prix,ALO,FP1,1.428
2024,Miami Grand Prix,LEC,FP1,3.504
2024,Miami Grand Prix,STR,FP1,0.222
2024,Miami Grand Prix,MAG,FP1,0.594
2024,Miami Grand Prix,TSU,FP1,0.461
2024,Miami Grand Prix,ALB,FP1,0.798
2024,Miami Grand Prix,ZHO,FP1,0.85
2024,Miami Grand Prix,HUL,FP1,0.719
2024,Miami Grand Prix,OCO,FP1,0.568
2024,Miami Grand Prix,HAM,FP1,0.417
2024,Miami Grand Prix,SAI,FP1,0.116
2024,Miami Grand Prix,RUS,FP1,0.189
2024,Miami Grand Prix,BOT,FP1,1.041
2024,Miami Grand Prix,PIA,FP1,0.105
2024,Emilia Romagna Grand Prix,VER,FP1,0.25
2024,Emilia Romagna Grand Prix,SAR,FP1,2.911
2024,Emilia Romagna Grand Prix,RIC,FP1,1.152
2024,Emilia Romagna Grand Prix,NOR,FP1,0.612
2024,Emilia Romagna Grand Prix,GAS,FP1,0.915
2024,Emilia Romagna Grand Prix,PER,FP1,0.243
2024,Emilia Romagna Grand Prix,ALO,FP1,0.877
2024,Emilia Romagna Grand Prix,LEC,FP1,0.0
2024,Emilia Romagna Grand Prix,STR,FP1,1.082
2024,Emilia Romagna Grand Prix,TSU,FP1,0.398
2024,Emilia Romagna Grand Prix,ALB,FP1,3.06
2024,Emilia Romagna Grand Prix,ZHO,FP1,2.139
2024,Emilia Romagna Grand Prix,HUL,FP1,4.069
2024,Emilia Romagna Grand Prix,OCO,FP1,1.622
2024,Emilia Romagna Grand Prix,HAM,FP1,0.418
2024,Emilia Romagna Grand Prix,BEA,FP1,1.677
2024,Emilia Romagna Grand Prix,SAI,FP1,0.13
2024,Emilia Romagna Grand Prix,RUS,FP1,0.104
2024,Emilia Romagna Grand Prix,BOT,FP1,1.837
2024,Emilia Romagna Grand Prix,PIA,FP1,0.817
2024,Emilia Romagna Grand Prix,VER,FP2,0.541
2024,Emilia Romagna Grand Prix,SAR,FP2,1.942
2024,Emilia Romagna Grand Prix,RIC,FP2,1.061
2024,Emilia Romagna Grand Prix,NOR,FP2,1.074
2024,Emilia Romagna Grand Prix,GAS,FP2,1.158
2024,Emilia Romagna Grand Prix,PER,FP2,0.646
2024,Emilia Romagna Grand Prix,ALO,FP2,0.932
2024,Emilia Romagna Grand Prix,LEC,FP2,0.0
2024,Emilia Romagna Grand Prix,STR,FP2,1.085
2024,Emilia Romagna Grand Prix,MAG,FP2,1.223
2024,Emilia Romagna Grand Prix,TSU,FP2,0.38
2024,Emilia Romagna Grand Prix,ALB,FP2,1.229
2024,Emilia Romagna Grand Prix,ZHO,FP2,1.7
2024,Emilia Romagna Grand Prix,HUL,FP2,0.92
2024,Emilia Romagna Grand Prix,OCO,FP2,1.102
2024,Emilia Romagna Grand Prix,HAM,FP2,0.391
2024,Emilia Romagna Grand Prix,SAI,FP2,0.517
2024,Emilia Romagna Grand Prix,RUS,FP2,0.405
2024,Emilia Romagna Grand Prix,BOT,FP2,1.182
2024,Emilia Romagna Grand Prix,PIA,FP2,0.192
2024,Emilia Romagna Grand Prix,VER,FP3,0.837
2024,Emilia Romagna Grand Prix,SAR,FP3,1.265
2024,Emilia Romagna Grand Prix,RIC,FP3,1.031
2024,Emilia Romagna Grand Prix,NOR,FP3,0.3
2024,Emilia Romagna Grand Prix,GAS,FP3,1.832
2024,Emilia Romagna Grand Prix,PER,FP3,1.102
2024,Emilia Romagna Grand Prix,ALO,FP3,1.81
2024,Emilia Romagna Grand Prix,LEC,FP3,0.558
2024,Emilia Romagna Grand Prix,STR,FP3,1.014
2024,Emilia Romagna Grand Prix,MAG,FP3,1.394
2024,Emilia Romagna Grand Prix,TSU,FP3,1.139
2024,Emilia Romagna Grand Prix,ALB,FP3,0.941
2024,Emilia Romagna Grand Prix,ZHO,FP3,2.362
2024,Emilia Romagna Grand Prix,HUL,FP3,1.018
2024,Emilia Romagna Grand Prix,OCO,FP3,0.952
2024,Emilia Romagna Grand Prix,HAM,FP3,1.431
2024,Emilia Romagna Grand Prix,SAI,FP3,0.538
2024,Emilia Romagna Grand Prix,RUS,FP3,0.566
2024,Emilia Romagna Grand Prix,BOT,FP3,1.166
2024,Emilia Romagna Grand Prix,PIA,FP3,0.0
2024,Monaco Grand Prix,VER,FP1,0.815
2024,Monaco Grand Prix,SAR,FP1,1.981
2024,Monaco Grand Prix,RIC,FP1,0.732
2024,Monaco Grand Prix,NOR,FP1,0.227
2024,Monaco Grand Prix,GAS,FP1,3.405
2024,Monaco Grand Prix,PER,FP1,1.06
2024,Monaco Grand Prix,ALO,FP1,0.606
2024,Monaco Grand Prix,LEC,FP1,0.228
2024,Monaco Grand Prix,STR,FP1,0.62
2024,Monaco Grand Prix,MAG,FP1,1.221
2024,Monaco Grand Prix,TSU,FP1,0.706
2024,Monaco Grand Prix,ALB,FP1,1.256
2024,Monaco Grand Prix,ZHO,FP1,2.401
2024,Monaco Grand Prix,HUL,FP1,1.407
2024,Monaco Grand Prix,OCO,FP1,1.99
2024,Monaco Grand Prix,HAM,FP1,0.0
2024,Monaco Grand Prix,SAI,FP1,0.785
2024,Monaco Grand Prix,RUS,FP1,0.126
2024,Monaco Grand Prix,BOT,FP1,1.079
2024,Monaco Grand Prix,PIA,FP1,0.029
2024,Monaco Grand Prix,VER,FP2,0.535
2024,Monaco Grand Prix,SAR,FP2,1.512
2024,Monaco Grand Prix,RIC,FP2,1.299
2024,Monaco Grand Prix,NOR,FP2,0.675
2024,Monaco Grand Prix,GAS,FP2,1.472
2024,Monaco Grand Prix,PER,FP2,0.821
2024,Monaco Grand Prix,ALO,FP2,0.475
2024,Monaco Grand Prix,LEC,FP2,0.0
2024,Monaco Grand Prix,STR,FP2,0.784
2024,Monaco Grand Prix,MAG,FP2,1.195
2024,Monaco Grand Prix,TSU,FP2,1.071
2024,Monaco Grand Prix,ALB,FP2,0.979
2024,Monaco Grand Prix,ZHO,FP2,2.495
2024,Monaco Grand Prix,HUL,FP2,1.291
2024,Monaco Grand Prix,OCO,FP2,1.276
2024,Monaco Grand Prix,HAM,FP2,0.188
2024,Monaco Grand Prix,SAI,FP2,0.684
2024,Monaco Grand Prix,RUS,FP2,0.982
2024,Monaco Grand Prix,BOT,FP2,1.779
2024,Monaco Grand Prix,PIA,FP2,1.088
2024,Monaco Grand Prix,VER,FP3,0.197
2024,Monaco Grand Prix,SAR,FP3,1.334
2024,Monaco Grand Prix,RIC,FP3,1.46
2024,Monaco Grand Prix,NOR,FP3,0.619
2024,Monaco Grand Prix,GAS,FP3,0.775
2024,Monaco Grand Prix,PER,FP3,0.554
2024,Monaco Grand Prix,ALO,FP3,0.718
2024,Monaco Grand Prix,LEC,FP3,0.0
2024,Monaco Grand Prix,STR,FP3,0.962
2024,Monaco Grand Prix,MAG,FP3,0.847
2024,Monaco Grand Prix,TSU,FP3,0.622
2024,Monaco Grand Prix,ALB,FP3,0.811
2024,Monaco Grand Prix,ZHO,FP3,2.461
2024,Monaco Grand Prix,HUL,FP3,0.823
2024,Monaco Grand Prix,OCO,FP3,1.103
2024,Monaco Grand Prix,HAM,FP3,0.341
2024,Monaco Grand Prix,SAI,FP3,0.61
2024,Monaco Grand Prix,RUS,FP3,0.599
2024,Monaco Grand Prix,PIA,FP3,0.532
2024,Canadian Grand Prix,VER,FP1,2.067
2024,Canadian Grand Prix,SAR,FP1,12.151
2024,Canadian Grand Prix,RIC,FP1,4.147
2024,Canadian Grand Prix,NOR,FP1,0.0
2024,Canadian Grand Prix,GAS,FP1,3.149
2024,Canadian Grand Prix,PER,FP1,3.623
2024,Canadian Grand Prix,ALO,FP1,8.976
2024,Canadian Grand Prix,LEC,FP1,0.871
2024,Canadian Grand Prix,STR,FP1,16.095
2024,Canadian Grand Prix,MAG,FP1,4.617
2024,Canadian Grand Prix,TSU,FP1,4.288
2024,Canadian Grand Prix,ALB,FP1,1576.191
2024,Canadian Grand Prix,ZHO,FP1,32.62
2024,Canadian Grand Prix,HUL,FP1,8.391
2024,Canadian Grand Prix,HAM,FP1,1.535
2024,Canadian Grand Prix,SAI,FP1,0.328
2024,Canadian Grand Prix,RUS,FP1,4.106
2024,Canadian Grand Prix,BOT,FP1,3.235
2024,Canadian Grand Prix,PIA,FP1,2.319
2024,Canadian Grand Prix,VER,FP2,3.501
2024,Canadian Grand Prix,SAR,FP2,1.686
2024,Canadian Grand Prix,RIC,FP2,0.921
2024,Canadian Grand Prix,NOR,FP2,5.033
2024,Canadian Grand Prix,GAS,FP2,4.979
2024,Canadian Grand Prix,PER,FP2,1.231
2024,Canadian Grand Prix,ALO,FP2,0.0
2024,Canadian Grand Prix,LEC,FP2,0.746
2024,Canadian Grand Prix,STR,FP2,0.654
2024,Canadian Grand Prix,MAG,FP2,0.963
2024,Canadian Grand Prix,TSU,FP2,1.141
2024,Canadian Grand Prix,ALB,FP2,1.167
2024,Canadian Grand Prix,ZHO,FP2,3.277
2024,Canadian Grand Prix,HUL,FP2,2.093
2024,Canadian Grand Prix,OCO,FP2,1.607
2024,Canadian Grand Prix,HAM,FP2,1.098
2024,Canadian Grand Prix,SAI,FP2,1.912
2024,Canadian Grand Prix,RUS,FP2,0.463
2024,Canadian Grand Prix,BOT,FP2,2.007
2024,Canadian Grand Prix,PIA,FP2,3.198
2024,Canadian Grand Prix,VER,FP3,0.374
2024,Canadian Grand Prix,SAR,FP3,1.114
2024,Canadian Grand Prix,RIC,FP3,0.73
2024,Canadian Grand Prix,NOR,FP3,0.744
2024,Canadian Grand Prix,GAS,FP3,1.188
2024,Canadian Grand Prix,PER,FP3,0.793
2024,Canadian Grand Prix,ALO,FP3,0.791
2024,Canadian Grand Prix,LEC,FP3,0.8
2024,Canadian Grand Prix,STR,FP3,0.477
2024,Canadian Grand Prix,MAG,FP3,0.89
2024,Canadian Grand Prix,TSU,FP3,1.167
2024,Canadian Grand Prix,ALB,FP3,1.331
2024,Canadian Grand Prix,ZHO,FP3,6.107
2024,Canadian Grand Prix,HUL,FP3,1.228
2024,Canadian Grand Prix,OCO,FP3,1.526
2024,Canadian Grand Prix,HAM,FP3,0.0
2024,Canadian Grand Prix,SAI,FP3,1.021
2024,Canadian Grand Prix,RUS,FP3,0.408
2024,Canadian Grand Prix,BOT,FP3,1.093
2024,Canadian Grand Prix,PIA,FP3,0.717
2024,Spanish Grand Prix,VER,FP1,0.024
2024,Spanish Grand Prix,SAR,FP1,1.524
2024,Spanish Grand Prix,RIC,FP1,1.352
2024,Spanish Grand Prix,NOR,FP1,0.0
2024,Spanish Grand Prix,GAS,FP1,1.256
2024,Spanish Grand Prix,PER,FP1,0.464
2024,Spanish Grand Prix,ALO,FP1,0.994
2024,Spanish Grand Prix,LEC,FP1,1.206
2024,Spanish Grand Prix,STR,FP1,1.284
2024,Spanish Grand Prix,MAG,FP1,1.416
2024,Spanish Grand Prix,TSU,FP1,1.688
2024,Spanish Grand Prix,ALB,FP1,1.189
2024,Spanish Grand Prix,ZHO,FP1,1.388
2024,Spanish Grand Prix,OCO,FP1,0.858
2024,Spanish Grand Prix,HAM,FP1,0.683
2024,Spanish Grand Prix,BEA,FP1,1.637
2024,Spanish Grand Prix,SAI,FP1,0.344
2024,Spanish Grand Prix,RUS,FP1,0.386
2024,Spanish Grand Prix,BOT,FP1,1.244
2024,Spanish Grand Prix,PIA,FP1,0.639
2024,Spanish Grand Prix,VER,FP2,0.24
2024,Spanish Grand Prix,SAR,FP2,1.806
2024,Spanish Grand Prix,RIC,FP2,0.993
2024,Spanish Grand Prix,NOR,FP2,0.055
2024,Spanish Grand Prix,GAS,FP2,0.179
2024,Spanish Grand Prix,PER,FP2,0.817
2024,Spanish Grand Prix,ALO,FP2,0.827
2024,Spanish Grand Prix,LEC,FP2,0.333
2024,Spanish Grand Prix,STR,FP2,1.138
2024,Spanish Grand Prix,MAG,FP2,0.757
2024,Spanish Grand Prix,TSU,FP2,0.947
2024,Spanish Grand Prix,ALB,FP2,1.543
2024,Spanish Grand Prix,ZHO,FP2,1.081
2024,Spanish Grand Prix,HUL,FP2,0.789
2024,Spanish Grand Prix,OCO,FP2,0.502
2024,Spanish Grand Prix,HAM,FP2,0.0
2024,Spanish Grand Prix,SAI,FP2,0.022
2024,Spanish Grand Prix,RUS,FP2,0.458
2024,Spanish Grand Prix,BOT,FP2,0.66
2024,Spanish Grand Prix,PIA,FP2,0.358
2024,Spanish Grand Prix,VER,FP3,0.074
2024,Spanish Grand Prix,SAR,FP3,1.716
2024,Spanish Grand Prix,RIC,FP3,1.148
2024,Spanish Grand Prix,NOR,FP3,0.03
2024,Spanish Grand Prix,GAS,FP3,0.951
2024,Spanish Grand Prix,PER,FP3,0.71
2024,Spanish Grand Prix,ALO,FP3,0.773
2024,Spanish Grand Prix,LEC,FP3,0.037
2024,Spanish Grand Prix,STR,FP3,1.241
2024,Spanish Grand Prix,MAG,FP3,1.061
2024,Spanish Grand Prix,TSU,FP3,1.407
2024,Spanish Grand Prix,ALB,FP3,0.74
2024,Spanish Grand Prix,ZHO,FP3,1.559
2024,Spanish Grand Prix,HUL,FP3,0.962
2024,Spanish Grand Prix,OCO,FP3,0.937
2024,Spanish Grand Prix,HAM,FP3,0.346
2024,Spanish Grand Prix,SAI,FP3,0.0
2024,Spanish Grand Prix,RUS,FP3,0.151
2024,Spanish Grand Prix,BOT,FP3,1.011
2024,Spanish Grand Prix,PIA,FP3,0.894
2024,Austrian Grand Prix,VER,FP1,0.0
2024,Austrian Grand Prix,SAR,FP1,1.574
2024,Austrian Grand Prix,RIC,FP1,1.277
2024,Austrian Grand Prix,NOR,FP1,1.195
2024,Austrian Grand Prix,GAS,FP1,1.049
2024,Austrian Grand Prix,PER,FP1,1.098
2024,Austrian Grand Prix,ALO,FP1,0.918
2024,Austrian Grand Prix,LEC,FP1,0.37
2024,Austrian Grand Prix,STR,FP1,0.699
2024,Austrian Grand Prix,MAG,FP1,1.46
2024,Austrian Grand Prix,TSU,FP1,0.894
2024,Austrian Grand Prix,ALB,FP1,1.31
2024,Austrian Grand Prix,ZHO,FP1,1.234
2024,Austrian Grand Prix,HUL,FP1,1.281
2024,Austrian Grand Prix,OCO,FP1,0.612
2024,Austrian Grand Prix,HAM,FP1,0.569
2024,Austrian Grand Prix,SAI,FP1,0.443
2024,Austrian Grand Prix,RUS,FP1,0.701
2024,Austrian Grand Prix,BOT,FP1,1.24
2024,Austrian Grand Prix,PIA,FP1,0.276
2024,British Grand Prix,VER,FP1,0.309
2024,British Grand Prix,RIC,FP1,1.057
2024,British Grand Prix,NOR,FP1,0.0
2024,British Grand Prix,ALO,FP1,0.374
2024,British Grand Prix,LEC,FP1,0.483
2024,British Grand Prix,STR,FP1,0.134
2024,British Grand Prix,TSU,FP1,2.444
2024,British Grand Prix,ALB,FP1,1.229
2024,British Grand Prix,ZHO,FP1,1.17
2024,British Grand Prix,HUL,FP1,0.662
2024,British Grand Prix,OCO,FP1,0.554
2024,British Grand Prix,HAD,FP1,1.85
2024,British Grand Prix,HAM,FP1,0.438
2024,British Grand Prix,COL,FP1,1.658
2024,British Grand Prix,BEA,FP1,1.116
2024,British Grand Prix,SAI,FP1,0.505
2024,British Grand Prix,DOO,FP1,1.315
2024,British Grand Prix,RUS,FP1,0.318
2024,British Grand Prix,BOT,FP1,0.834
2024,British Grand Prix,PIA,FP1,0.211
2024,British Grand Prix,VER,FP2,0.684
2024,British Grand Prix,SAR,FP2,1.26
2024,British Grand Prix,RIC,FP2,1.367
2024,British Grand Prix,NOR,FP2,0.0
2024,British Grand Prix,GAS,FP2,1.183
2024,British Grand Prix,PER,FP2,0.434
2024,British Grand Prix,ALO,FP2,0.823
2024,British Grand Prix,LEC,FP2,0.601
2024,British Grand Prix,STR,FP2,0.725
2024,British Grand Prix,MAG,FP2,1.573
2024,British Grand Prix,TSU,FP2,1.196
2024,British Grand Prix,ALB,FP2,1.096
2024,British Grand Prix,ZHO,FP2,1.264
2024,British Grand Prix,HUL,FP2,0.441
2024,British Grand Prix,OCO,FP2,1.194
2024,British Grand Prix,HAM,FP2,0.653
2024,British Grand Prix,SAI,FP2,0.7
2024,British Grand Prix,RUS,FP2,0.745
2024,British Grand Prix,BOT,FP2,0.832
2024,British Grand Prix,PIA,FP2,0.331
2024,British Grand Prix,VER,FP3,1.739
2024,British Grand Prix,SAR,FP3,3.048
2024,British Grand Prix,RIC,FP3,4.169
2024,British Grand Prix,NOR,FP3,1.06
2024,British Grand Prix,PER,FP3,2.63
2024,British Grand Prix,ALO,FP3,2.286
2024,British Grand Prix,LEC,FP3,1.8
2024,British Grand Prix,STR,FP3,3.046
2024,British Grand Prix,MAG,FP3,3.885
2024,British Grand Prix,TSU,FP3,3.166
2024,British Grand Prix,ALB,FP3,2.949
2024,British Grand Prix,ZHO,FP3,5.131
2024,British Grand Prix,HUL,FP3,2.686
2024,British Grand Prix,OCO,FP3,3.776
2024,British Grand Prix,HAM,FP3,0.91
2024,British Grand Prix,SAI,FP3,1.485
2024,British Grand Prix,RUS,FP3,0.875
2024,British Grand Prix,BOT,FP3,3.588
2024,British Grand Prix,PIA,FP3,0.0
2024,Hungarian Grand Prix,VER,FP1,0.276
2024,Hungarian Grand Prix,SAR,FP1,1.172
2024,Hungarian Grand Prix,RIC,FP1,0.865
2024,Hungarian Grand Prix,NOR,FP1,0.498
2024,Hungarian Grand Prix,GAS,FP1,1.263
2024,Hungarian Grand Prix,PER,FP1,0.727
2024,Hungarian Grand Prix,ALO,FP1,0.973
2024,Hungarian Grand Prix,LEC,FP1,0.298
2024,Hungarian Grand Prix,STR,FP1,0.552
2024,Hungarian Grand Prix,MAG,FP1,1.582
2024,Hungarian Grand Prix,TSU,FP1,0.547
2024,Hungarian Grand Prix,ALB,FP1,1.081
2024,Hungarian Grand Prix,ZHO,FP1,0.467
2024,Hungarian Grand Prix,OCO,FP1,1.31
2024,Hungarian Grand Prix,HAM,FP1,0.574
2024,Hungarian Grand Prix,BEA,FP1,1.658
2024,Hungarian Grand Prix,SAI,FP1,0.0
2024,Hungarian Grand Prix,RUS,FP1,0.424
2024,Hungarian Grand Prix,BOT,FP1,1.091
2024,Hungarian Grand Prix,PIA,FP1,0.536
2024,Hungarian Grand Prix,VER,FP2,0.243
2024,Hungarian Grand Prix,SAR,FP2,0.823
2024,Hungarian Grand Prix,RIC,FP2,0.583
2024,Hungarian Grand Prix,NOR,FP2,0.0
2024,Hungarian Grand Prix,GAS,FP2,1.1
2024,Hungarian Grand Prix,PER,FP2,0.467
2024,Hungarian Grand Prix,ALO,FP2,0.731
2024,Hungarian Grand Prix,LEC,FP2,1.498
2024,Hungarian Grand Prix,STR,FP2,1.391
2024,Hungarian Grand Prix,MAG,FP2,0.527
2024,Hungarian Grand Prix,TSU,FP2,1.818
2024,Hungarian Grand Prix,ALB,FP2,0.726
2024,Hungarian Grand Prix,ZHO,FP2,2.279
2024,Hungarian Grand Prix,HUL,FP2,1.003
2024,Hungarian Grand Prix,OCO,FP2,0.966
2024,Hungarian Grand Prix,HAM,FP2,0.575
2024,Hungarian Grand Prix,SAI,FP2,0.397
2024,Hungarian Grand Prix,RUS,FP2,0.506
2024,Hungarian Grand Prix,BOT,FP2,0.798
2024,Hungarian Grand Prix,PIA,FP2,0.83
2024,Hungarian Grand Prix,VER,FP3,0.281
2024,Hungarian Grand Prix,SAR,FP3,1.07
2024,Hungarian Grand Prix,RIC,FP3,0.554
2024,Hungarian Grand Prix,NOR,FP3,0.0
2024,Hungarian Grand Prix,GAS,FP3,1.401
2024,Hungarian Grand Prix,PER,FP3,0.856
2024,Hungarian Grand Prix,ALO,FP3,0.903
2024,Hungarian Grand Prix,LEC,FP3,0.705
2024,Hungarian Grand Prix,STR,FP3,0.987
2024,Hungarian Grand Prix,MAG,FP3,1.409
2024,Hungarian Grand Prix,TSU,FP3,0.646
2024,Hungarian Grand Prix,ALB,FP3,0.563
2024,Hungarian Grand Prix,ZHO,FP3,1.193
2024,Hungarian Grand Prix,HUL,FP3,0.598
2024,Hungarian Grand Prix,OCO,FP3,1.477
2024,Hungarian Grand Prix,HAM,FP3,0.688
2024,Hungarian Grand Prix,SAI,FP3,0.541
2024,Hungarian Grand Prix,RUS,FP3,0.466
2024,Hungarian Grand Prix,BOT,FP3,0.706
2024,Hungarian Grand Prix,PIA,FP3,0.044
2024,Belgian Grand Prix,VER,FP1,0.0
2024,Belgian Grand Prix,SAR,FP1,1.939
2024,Belgian Grand Prix,RIC,FP1,1.578
2024,Belgian Grand Prix,NOR,FP1,1.043
2024,Belgian Grand Prix,GAS,FP1,1.461
2024,Belgian Grand Prix,PER,FP1,0.957
2024,Belgian Grand Prix,ALO,FP1,1.549
2024,Belgian Grand Prix,LEC,FP1,0.934
2024,Belgian Grand Prix,STR,FP1,1.327
2024,Belgian Grand Prix,MAG,FP1,2.44
2024,Belgian Grand Prix,TSU,FP1,2.192
2024,Belgian Grand Prix,ALB,FP1,0.727
2024,Belgian Grand Prix,ZHO,FP1,2.623
2024,Belgian Grand Prix,HUL,FP1,2.273
2024,Belgian Grand Prix,HAM,FP1,0.907
2024,Belgian Grand Prix,SAI,FP1,1.202
2024,Belgian Grand Prix,RUS,FP1,0.853
2024,Belgian Grand Prix,BOT,FP1,1.783
2024,Belgian Grand Prix,PIA,FP1,0.531
2024,Belgian Grand Prix,VER,FP2,0.217
2024,Belgian Grand Prix,SAR,FP2,1.966
2024,Belgian Grand Prix,RIC,FP2,1.563
2024,Belgian Grand Prix,NOR,FP2,0.0
2024,Belgian Grand Prix,GAS,FP2,1.569
2024,Belgian Grand Prix,PER,FP2,1.244
2024,Belgian Grand Prix,ALO,FP2,1.278
2024,Belgian Grand Prix,LEC,FP2,0.577
2024,Belgian Grand Prix,STR,FP2,1.272
2024,Belgian Grand Prix,MAG,FP2,1.225
2024,Belgian Grand Prix,TSU,FP2,2.088
2024,Belgian Grand Prix,ALB,FP2,1.632
2024,Belgian Grand Prix,ZHO,FP2,2.042
2024,Belgian Grand Prix,HUL,FP2,1.586
2024,Belgian Grand Prix,OCO,FP2,1.141
2024,Belgian Grand Prix,HAM,FP2,1.259
2024,Belgian Grand Prix,SAI,FP2,0.838
2024,Belgian Grand Prix,RUS,FP2,1.03
2024,Belgian Grand Prix,BOT,FP2,1.415
2024,Belgian Grand Prix,PIA,FP2,0.215
2024,Belgian Grand Prix,VER,FP3,0.0
2024,Belgian Grand Prix,SAR,FP3,9.655
2024,Belgian Grand Prix,RIC,FP3,6.845
2024,Belgian Grand Prix,NOR,FP3,1.807
2024,Belgian Grand Prix,GAS,FP3,1.61
2024,Belgian Grand Prix,PER,FP3,5.538
2024,Belgian Grand Prix,ALO,FP3,6.506
2024,Belgian Grand Prix,LEC,FP3,4.468
2024,Belgian Grand Prix,STR,FP3,4.472
2024,Belgian Grand Prix,MAG,FP3,13.598
2024,Belgian Grand Prix,TSU,FP3,7.879
2024,Belgian Grand Prix,ALB,FP3,5.878
2024,Belgian Grand Prix,ZHO,FP3,9.544
2024,Belgian Grand Prix,HUL,FP3,6.475
2024,Belgian Grand Prix,OCO,FP3,3.685
2024,Belgian Grand Prix,HAM,FP3,5.186
2024,Belgian Grand Prix,RUS,FP3,12.08
2024,Belgian Grand Prix,BOT,FP3,4.927
2024,Belgian Grand Prix,PIA,FP3,1.433
2024,Dutch Grand Prix,VER,FP1,0.201
2024,Dutch Grand Prix,SAR,FP1,3.283
2024,Dutch Grand Prix,RIC,FP1,3.909
2024,Dutch Grand Prix,NOR,FP1,0.0
2024,Dutch Grand Prix,GAS,FP1,9.714
2024,Dutch Grand Prix,PER,FP1,1.957
2024,Dutch Grand Prix,ALO,FP1,2.145
2024,Dutch Grand Prix,LEC,FP1,1.984
2024,Dutch Grand Prix,STR,FP1,1.829
2024,Dutch Grand Prix,MAG,FP1,1.275
2024,Dutch Grand Prix,TSU,FP1,2.096
2024,Dutch Grand Prix,ALB,FP1,0.837
2024,Dutch Grand Prix,ZHO,FP1,1.643
2024,Dutch Grand Prix,HUL,FP1,1.241
2024,Dutch Grand Prix,OCO,FP1,3.474
2024,Dutch Grand Prix,HAM,FP1,0.684
2024,Dutch Grand Prix,SAI,FP1,0.752
2024,Dutch Grand Prix,RUS,FP1,0.82
2024,Dutch Grand Prix,PIA,FP1,0.908
2024,Dutch Grand Prix,SHW,FP1,2.336
2024,Dutch Grand Prix,VER,FP2,0.284
2024,Dutch Grand Prix,SAR,FP2,1.116
2024,Dutch Grand Prix,RIC,FP2,0.928
2024,Dutch Grand Prix,NOR,FP2,0.259
2024,Dutch Grand Prix,GAS,FP2,0.942
2024,Dutch Grand Prix,PER,FP2,0.879
2024,Dutch Grand Prix,ALO,FP2,0.655
2024,Dutch Grand Prix,LEC,FP2,0.741
2024,Dutch Grand Prix,STR,FP2,0.874
2024,Dutch Grand Prix,MAG,FP2,0.728
2024,Dutch Grand Prix,TSU,FP2,0.672
2024,Dutch Grand Prix,ALB,FP2,0.848
2024,Dutch Grand Prix,ZHO,FP2,1.232
2024,Dutch Grand Prix,HUL,FP2,2.594
2024,Dutch Grand Prix,OCO,FP2,1.359
2024,Dutch Grand Prix,HAM,FP2,0.111
2024,Dutch Grand Prix,SAI,FP2,2.406
2024,Dutch Grand Prix,RUS,FP2,0.0
2024,Dutch Grand Prix,BOT,FP2,1.504
2024,Dutch Grand Prix,PIA,FP2,0.061
2024,Dutch Grand Prix,VER,FP3,4.049
2024,Dutch Grand Prix,SAR,FP3,2.976
2024,Dutch Grand Prix,RIC,FP3,5.122
2024,Dutch Grand Prix,NOR,FP3,1.076
2024,Dutch Grand Prix,GAS,FP3,0.0
2024,Dutch Grand Prix,ALO,FP3,1.15
2024,Dutch Grand Prix,LEC,FP3,3.847
2024,Dutch Grand Prix,STR,FP3,1.63
2024,Dutch Grand Prix,MAG,FP3,0.139
2024,Dutch Grand Prix,ALB,FP3,3.696
2024,Dutch Grand Prix,ZHO,FP3,2.929
2024,Dutch Grand Prix,HUL,FP3,2.043
2024,Dutch Grand Prix,OCO,FP3,1.332
2024,Dutch Grand Prix,HAM,FP3,3.787
2024,Dutch Grand Prix,SAI,FP3,2.278
2024,Dutch Grand Prix,RUS,FP3,3.647
2024,Dutch Grand Prix,BOT,FP3,0.844
2024,Dutch Grand Prix,PIA,FP3,1.539
2024,Italian Grand Prix,VER,FP1,0.0
2024,Italian Grand Prix,RIC,FP1,0.929
2024,Italian Grand Prix,NOR,FP1,0.241
2024,Italian Grand Prix,GAS,FP1,1.087
2024,Italian Grand Prix,PER,FP1,0.635
2024,Italian Grand Prix,ANT,FP1,2.279
2024,Italian Grand Prix,ALO,FP1,0.639
2024,Italian Grand Prix,LEC,FP1,0.228
2024,Italian Grand Prix,STR,FP1,1.188
2024,Italian Grand Prix,MAG,FP1,0.896
2024,Italian Grand Prix,TSU,FP1,1.038
2024,Italian Grand Prix,ALB,FP1,0.544
2024,Italian Grand Prix,ZHO,FP1,1.178
2024,Italian Grand Prix,HUL,FP1,1.481
2024,Italian Grand Prix,OCO,FP1,1.204
2024,Italian Grand Prix,COL,FP1,1.204
2024,Italian Grand Prix,HAM,FP1,0.538
2024,Italian Grand Prix,SAI,FP1,0.45
2024,Italian Grand Prix,BOT,FP1,0.451
2024,Italian Grand Prix,PIA,FP1,0.523
2024,Italian Grand Prix,VER,FP2,0.872
2024,Italian Grand Prix,RIC,FP2,0.562
2024,Italian Grand Prix,NOR,FP2,0.003
2024,Italian Grand Prix,GAS,FP2,1.081
2024,Italian Grand Prix,PER,FP2,0.94
2024,Italian Grand Prix,ALO,FP2,0.578
2024,Italian Grand Prix,LEC,FP2,0.154
2024,Italian Grand Prix,STR,FP2,0.625
2024,Italian Grand Prix,MAG,FP2,0.761
2024,Italian Grand Prix,TSU,FP2,0.997
2024,Italian Grand Prix,ALB,FP2,0.854
2024,Italian Grand Prix,ZHO,FP2,1.485
2024,Italian Grand Prix,HUL,FP2,0.402
2024,Italian Grand Prix,OCO,FP2,1.129
2024,Italian Grand Prix,COL,FP2,1.046
2024,Italian Grand Prix,HAM,FP2,0.0
2024,Italian Grand Prix,SAI,FP2,0.103
2024,Italian Grand Prix,RUS,FP2,0.348
2024,Italian Grand Prix,BOT,FP2,0.723
2024,Italian Grand Prix,PIA,FP2,0.12
2024,Italian Grand Prix,VER,FP3,0.251
2024,Italian Grand Prix,RIC,FP3,0.96
2024,Italian Grand Prix,NOR,FP3,0.145
2024,Italian Grand Prix,GAS,FP3,1.038
2024,Italian Grand Prix,PER,FP3,1.17
2024,Italian Grand Prix,ALO,FP3,0.851
2024,Italian Grand Prix,LEC,FP3,0.109
2024,Italian Grand Prix,STR,FP3,1.04
2024,Italian Grand Prix,MAG,FP3,1.091
2024,Italian Grand Prix,TSU,FP3,1.024
2024,Italian Grand Prix,ALB,FP3,0.479
2024,Italian Grand Prix,ZHO,FP3,1.918
2024,Italian Grand Prix,HUL,FP3,0.826
2024,Italian Grand Prix,OCO,FP3,1.141
2024,Italian Grand Prix,COL,FP3,0.788
2024,Italian Grand Prix,HAM,FP3,0.0
2024,Italian Grand Prix,SAI,FP3,0.346
2024,Italian Grand Prix,RUS,FP3,0.093
2024,Italian Grand Prix,BOT,FP3,1.24
2024,Italian Grand Prix,PIA,FP3,0.135
2024,Azerbaijan Grand Prix,VER,FP1,0.0
2024,Azerbaijan Grand Prix,RIC,FP1,1.141
2024,Azerbaijan Grand Prix,NOR,FP1,0.481
2024,Azerbaijan Grand Prix,GAS,FP1,3.166
2024,Azerbaijan Grand Prix,PER,FP1,0.376
2024,Azerbaijan Grand Prix,ALO,FP1,0.906
2024,Azerbaijan Grand Prix,LEC,FP1,1.062
2024,Azerbaijan Grand Prix,STR,FP1,1.638
2024,Azerbaijan Grand Prix,TSU,FP1,2.162
2024,Azerbaijan Grand Prix,ALB,FP1,2.409
2024,Azerbaijan Grand Prix,ZHO,FP1,3.506
2024,Azerbaijan Grand Prix,HUL,FP1,1.589
2024,Azerbaijan Grand Prix,OCO,FP1,64.553
2024,Azerbaijan Grand Prix,COL,FP1,2.355
2024,Azerbaijan Grand Prix,HAM,FP1,0.313
2024,Azerbaijan Grand Prix,BEA,FP1,1.427
2024,Azerbaijan Grand Prix,SAI,FP1,0.627
2024,Azerbaijan Grand Prix,RUS,FP1,0.97
2024,Azerbaijan Grand Prix,BOT,FP1,2.094
2024,Azerbaijan Grand Prix,PIA,FP1,0.736
2024,Azerbaijan Grand Prix,VER,FP2,0.545
2024,Azerbaijan Grand Prix,RIC,FP2,1.572
2024,Azerbaijan Grand Prix,NOR,FP2,1.672
2024,Azerbaijan Grand Prix,GAS,FP2,1.907
2024,Azerbaijan Grand Prix,PER,FP2,0.006
2024,Azerbaijan Grand Prix,ALO,FP2,1.199
2024,Azerbaijan Grand Prix,LEC,FP2,0.0
2024,Azerbaijan Grand Prix,STR,FP2,0.609
2024,Azerbaijan Grand Prix,TSU,FP2,1.161
2024,Azerbaijan Grand Prix,ALB,FP2,1.253
2024,Azerbaijan Grand Prix,ZHO,FP2,2.463
2024,Azerbaijan Grand Prix,HUL,FP2,0.991
2024,Azerbaijan Grand Prix,OCO,FP2,2.326
2024,Azerbaijan Grand Prix,COL,FP2,1.265
2024,Azerbaijan Grand Prix,HAM,FP2,0.066
2024,Azerbaijan Grand Prix,BEA,FP2,1.063
2024,Azerbaijan Grand Prix,SAI,FP2,0.466
2024,Azerbaijan Grand Prix,RUS,FP2,1.052
2024,Azerbaijan Grand Prix,BOT,FP2,1.301
2024,Azerbaijan Grand Prix,PIA,FP2,0.499
2024,Azerbaijan Grand Prix,VER,FP3,0.348
2024,Azerbaijan Grand Prix,RIC,FP3,1.356
2024,Azerbaijan Grand Prix,NOR,FP3,0.223
2024,Azerbaijan Grand Prix,GAS,FP3,1.362
2024,Azerbaijan Grand Prix,PER,FP3,0.51
2024,Azerbaijan Grand Prix,ALO,FP3,0.96
2024,Azerbaijan Grand Prix,LEC,FP3,0.013
2024,Azerbaijan Grand Prix,STR,FP3,1.057
2024,Azerbaijan Grand Prix,TSU,FP3,0.989
2024,Azerbaijan Grand Prix,ALB,FP3,0.68
2024,Azerbaijan Grand Prix,ZHO,FP3,2.355
2024,Azerbaijan Grand Prix,HUL,FP3,1.65
2024,Azerbaijan Grand Prix,COL,FP3,0.724
2024,Azerbaijan Grand Prix,HAM,FP3,0.787
2024,Azerbaijan Grand Prix,SAI,FP3,0.454
2024,Azerbaijan Grand Prix,RUS,FP3,0.0
2024,Azerbaijan Grand Prix,BOT,FP3,1.673
2024,Azerbaijan Grand Prix,PIA,FP3,0.235
2024,Singapore Grand Prix,VER,FP1,0.334
2024,Singapore Grand Prix,RIC,FP1,0.612
2024,Singapore Grand Prix,NOR,FP1,0.076
2024,Singapore Grand Prix,GAS,FP1,0.931
2024,Singapore Grand Prix,PER,FP1,1.004
2024,Singapore Grand Prix,ALO,FP1,0.847
2024,Singapore Grand Prix,LEC,FP1,0.0
2024,Singapore Grand Prix,STR,FP1,1.015
2024,Singapore Grand Prix,MAG,FP1,1.614
2024,Singapore Grand Prix,TSU,FP1,0.5
2024,Singapore Grand Prix,ALB,FP1,0.688
2024,Singapore Grand Prix,ZHO,FP1,1.822
2024,Singapore Grand Prix,HUL,FP1,2.034
2024,Singapore Grand Prix,OCO,FP1,0.852
2024,Singapore Grand Prix,COL,FP1,0.855
2024,Singapore Grand Prix,HAM,FP1,0.916
2024,Singapore Grand Prix,SAI,FP1,0.189
2024,Singapore Grand Prix,RUS,FP1,1.571
2024,Singapore Grand Prix,BOT,FP1,1.722
2024,Singapore Grand Prix,PIA,FP1,0.606
2024,Singapore Grand Prix,VER,FP2,1.294
2024,Singapore Grand Prix,RIC,FP2,0.751
2024,Singapore Grand Prix,NOR,FP2,0.0
2024,Singapore Grand Prix,GAS,FP2,1.495
2024,Singapore Grand Prix,PER,FP2,0.871
2024,Singapore Grand Prix,ALO,FP2,1.023
2024,Singapore Grand Prix,LEC,FP2,0.058
2024,Singapore Grand Prix,STR,FP2,1.23
2024,Singapore Grand Prix,MAG,FP2,1.066
2024,Singapore Grand Prix,TSU,FP2,0.741
2024,Singapore Grand Prix,ALB,FP2,0.923
2024,Singapore Grand Prix,ZHO,FP2,1.632
2024,Singapore Grand Prix,HUL,FP2,0.94
2024,Singapore Grand Prix,OCO,FP2,1.392
2024,Singapore Grand Prix,COL,FP2,1.33
2024,Singapore Grand Prix,HAM,FP2,0.982
2024,Singapore Grand Prix,SAI,FP2,0.629
2024,Singapore Grand Prix,RUS,FP2,0.761
2024,Singapore Grand Prix,BOT,FP2,2.059
2024,Singapore Grand Prix,PIA,FP2,0.747
2024,Singapore Grand Prix,VER,FP3,0.894
2024,Singapore Grand Prix,RIC,FP3,1.915
2024,Singapore Grand Prix,NOR,FP3,0.0
2024,Singapore Grand Prix,GAS,FP3,1.721
2024,Singapore Grand Prix,PER,FP3,1.794
2024,Singapore Grand Prix,ALO,FP3,1.436
2024,Singapore Grand Prix,LEC,FP3,0.913
2024,Singapore Grand Prix,STR,FP3,2.073
2024,Singapore Grand Prix,MAG,FP3,1.619
2024,Singapore Grand Prix,TSU,FP3,1.468
2024,Singapore Grand Prix,ALB,FP3,1.303
2024,Singapore Grand Prix,ZHO,FP3,3.006
2024,Singapore Grand Prix,HUL,FP3,1.541
2024,Singapore Grand Prix,OCO,FP3,1.913
2024,Singapore Grand Prix,COL,FP3,1.343
2024,Singapore Grand Prix,HAM,FP3,1.218
2024,Singapore Grand Prix,SAI,FP3,1.161
2024,Singapore Grand Prix,RUS,FP3,0.479
2024,Singapore Grand Prix,BOT,FP3,2.452
2024,Singapore Grand Prix,PIA,FP3,0.785
2024,United States Grand Prix,VER,FP1,0.253
2024,United States Grand Prix,NOR,FP1,0.266
2024,United States Grand Prix,GAS,FP1,0.773
2024,United States Grand Prix,PER,FP1,1.036
2024,United States Grand Prix,ALO,FP1,0.51
2024,United States Grand Prix,LEC,FP1,0.021
2024,United States Grand Prix,STR,FP1,1.017
2024,United States Grand Prix,MAG,FP1,0.494
2024,United States Grand Prix,TSU,FP1,0.711
2024,United States Grand Prix,ALB,FP1,1.016
2024,United States Grand Prix,ZHO,FP1,3.617
2024,United States Grand Prix,HUL,FP1,0.762
2024,United States Grand Prix,LAW,FP1,0.841
2024,United States Grand Prix,OCO,FP1,1.204
2024,United States Grand Prix,COL,FP1,1.646
2024,United States Grand Prix,HAM,FP1,0.361
2024,United States Grand Prix,SAI,FP1,0.0
2024,United States Grand Prix,RUS,FP1,0.491
2024,United States Grand Prix,BOT,FP1,1.439
2024,United States Grand Prix,PIA,FP1,0.306
2024,Mexico City Grand Prix,VER,FP1,0.841
2024,Mexico City Grand Prix,GAS,FP1,1.342
2024,Mexico City Grand Prix,PER,FP1,1.096
2024,Mexico City Grand Prix,ANT,FP1,1.202
2024,Mexico City Grand Prix,STR,FP1,1.602
2024,Mexico City Grand Prix,MAG,FP1,1.337
2024,Mexico City Grand Prix,TSU,FP1,0.701
2024,Mexico City Grand Prix,ALB,FP1,1.814
2024,Mexico City Grand Prix,HUL,FP1,0.906
2024,Mexico City Grand Prix,OWA,FP1,1.297
2024,Mexico City Grand Prix,LAW,FP1,1.095
2024,Mexico City Grand Prix,OCO,FP1,0.998
2024,Mexico City Grand Prix,DRU,FP1,1.821
2024,Mexico City Grand Prix,BEA,FP1,3.258
2024,Mexico City Grand Prix,COL,FP1,1.111
2024,Mexico City Grand Prix,SAI,FP1,0.317
2024,Mexico City Grand Prix,RUS,FP1,0.0
2024,Mexico City Grand Prix,BOT,FP1,1.05
2024,Mexico City Grand Prix,PIA,FP1,0.96
2024,Mexico City Grand Prix,SHW,FP1,1.99
2024,Mexico City Grand Prix,VER,FP2,10.535
2024,Mexico City Grand Prix,NOR,FP2,0.249
2024,Mexico City Grand Prix,GAS,FP2,1.243
2024,Mexico City Grand Prix,PER,FP2,0.693
2024,Mexico City Grand Prix,ALO,FP2,0.88
2024,Mexico City Grand Prix,LEC,FP2,0.188
2024,Mexico City Grand Prix,STR,FP2,1.191
2024,Mexico City Grand Prix,MAG,FP2,0.54
2024,Mexico City Grand Prix,TSU,FP2,0.179
2024,Mexico City Grand Prix,ZHO,FP2,1.281
2024,Mexico City Grand Prix,HUL,FP2,0.922
2024,Mexico City Grand Prix,LAW,FP2,0.861
2024,Mexico City Grand Prix,OCO,FP2,0.957
2024,Mexico City Grand Prix,COL,FP2,1.209
2024,Mexico City Grand Prix,HAM,FP2,0.58
2024,Mexico City Grand Prix,SAI,FP2,0.0
2024,Mexico City Grand Prix,RUS,FP2,1.342
2024,Mexico City Grand Prix,BOT,FP2,0.652
2024,Mexico City Grand Prix,PIA,FP2,0.178
2024,Mexico City Grand Prix,VER,FP3,0.511
2024,Mexico City Grand Prix,NOR,FP3,0.059
2024,Mexico City Grand Prix,GAS,FP3,1.962
2024,Mexico City Grand Prix,PER,FP3,1.295
2024,Mexico City Grand Prix,ALO,FP3,1.306
2024,Mexico City Grand Prix,LEC,FP3,0.74
2024,Mexico City Grand Prix,STR,FP3,1.408
2024,Mexico City Grand Prix,MAG,FP3,0.982
2024,Mexico City Grand Prix,TSU,FP3,0.81
2024,Mexico City Grand Prix,ALB,FP3,1.019
2024,Mexico City Grand Prix,ZHO,FP3,1.936
2024,Mexico City Grand Prix,HUL,FP3,1.327
2024,Mexico City Grand Prix,LAW,FP3,1.002
2024,Mexico City Grand Prix,OCO,FP3,1.832
2024,Mexico City Grand Prix,COL,FP3,1.22
2024,Mexico City Grand Prix,HAM,FP3,0.568
2024,Mexico City Grand Prix,SAI,FP3,0.34
2024,Mexico City Grand Prix,RUS,FP3,0.849
2024,Mexico City Grand Prix,BOT,FP3,1.147
2024,Mexico City Grand Prix,PIA,FP3,0.0
2024,São Paulo Grand Prix,VER,FP1,1.102
2024,São Paulo Grand Prix,NOR,FP1,0.0
2024,São Paulo Grand Prix,GAS,FP1,0.606
2024,São Paulo Grand Prix,PER,FP1,1.235
2024,São Paulo Grand Prix,ALO,FP1,0.605
2024,São Paulo Grand Prix,LEC,FP1,0.428
2024,São Paulo Grand Prix,STR,FP1,1.173
2024,São Paulo Grand Prix,TSU,FP1,0.873
2024,São Paulo Grand Prix,ALB,FP1,0.345
2024,São Paulo Grand Prix,ZHO,FP1,2.273
2024,São Paulo Grand Prix,HUL,FP1,0.514
2024,São Paulo Grand Prix,LAW,FP1,0.691
2024,São Paulo Grand Prix,OCO,FP1,1.217
2024,São Paulo Grand Prix,COL,FP1,1.009
2024,São Paulo Grand Prix,HAM,FP1,1.144
2024,São Paulo Grand Prix,BEA,FP1,0.195
2024,São Paulo Grand Prix,SAI,FP1,0.49
2024,São Paulo Grand Prix,RUS,FP1,0.181
2024,São Paulo Grand Prix,BOT,FP1,1.041
2024,São Paulo Grand Prix,PIA,FP1,0.34
2024,Las Vegas Grand Prix,VER,FP1,1.037
2024,Las Vegas Grand Prix,NOR,FP1,0.953
2024,Las Vegas Grand Prix,GAS,FP1,1.477
2024,Las Vegas Grand Prix,PER,FP1,1.535
2024,Las Vegas Grand Prix,ALO,FP1,1.261
2024,Las Vegas Grand Prix,LEC,FP1,1.006
2024,Las Vegas Grand Prix,STR,FP1,1.816
2024,Las Vegas Grand Prix,MAG,FP1,1.81
2024,Las Vegas Grand Prix,TSU,FP1,3.573
2024,Las Vegas Grand Prix,ALB,FP1,1.947
2024,Las Vegas Grand Prix,ZHO,FP1,3.349
2024,Las Vegas Grand Prix,HUL,FP1,2.199
2024,Las Vegas Grand Prix,LAW,FP1,3.729
2024,Las Vegas Grand Prix,OCO,FP1,2.151
2024,Las Vegas Grand Prix,COL,FP1,3.024
2024,Las Vegas Grand Prix,HAM,FP1,0.0
2024,Las Vegas Grand Prix,SAI,FP1,1.217
2024,Las Vegas Grand Prix,RUS,FP1,0.396
2024,Las Vegas Grand Prix,BOT,FP1,2.764
2024,Las Vegas Grand Prix,PIA,FP1,1.45
2024,Las Vegas Grand Prix,VER,FP2,2.009
2024,Las Vegas Grand Prix,NOR,FP2,0.011
2024,Las Vegas Grand Prix,GAS,FP2,0.826
2024,Las Vegas Grand Prix,PER,FP2,2.23
2024,Las Vegas Grand Prix,ALO,FP2,1.615
2024,Las Vegas Grand Prix,LEC,FP2,0.488
2024,Las Vegas Grand Prix,STR,FP2,1.426
2024,Las Vegas Grand Prix,MAG,FP2,0.861
2024,Las Vegas Grand Prix,TSU,FP2,1.172
2024,Las Vegas Grand Prix,ALB,FP2,5.804
2024,Las Vegas Grand Prix,ZHO,FP2,1.94
2024,Las Vegas Grand Prix,HUL,FP2,0.993
2024,Las Vegas Grand Prix,LAW,FP2,1.846
2024,Las Vegas Grand Prix,OCO,FP2,1.396
2024,Las Vegas Grand Prix,COL,FP2,2.043
2024,Las Vegas Grand Prix,HAM,FP2,0.0
2024,Las Vegas Grand Prix,SAI,FP2,0.28
2024,Las Vegas Grand Prix,RUS,FP2,0.19
2024,Las Vegas Grand Prix,BOT,FP2,1.195
2024,Las Vegas Grand Prix,PIA,FP2,0.973
2024,Las Vegas Grand Prix,VER,FP3,0.567
2024,Las Vegas Grand Prix,NOR,FP3,0.438
2024,Las Vegas Grand Prix,GAS,FP3,1.335
2024,Las Vegas Grand Prix,PER,FP3,1.491
2024,Las Vegas Grand Prix,ALO,FP3,2.368
2024,Las Vegas Grand Prix,LEC,FP3,1.371
2024,Las Vegas Grand Prix,STR,FP3,3.38
2024,Las Vegas Grand Prix,MAG,FP3,1.313
2024,Las Vegas Grand Prix,TSU,FP3,2.645
2024,Las Vegas Grand Prix,ALB,FP3,0.837
2024,Las Vegas Grand Prix,ZHO,FP3,3.418
2024,Las Vegas Grand Prix,HUL,FP3,1.338
2024,Las Vegas Grand Prix,LAW,FP3,2.974
2024,Las Vegas Grand Prix,OCO,FP3,1.89
2024,Las Vegas Grand Prix,COL,FP3,1.153
2024,Las Vegas Grand Prix,HAM,FP3,0.771
2024,Las Vegas Grand Prix,SAI,FP3,0.348
2024,Las Vegas Grand Prix,RUS,FP3,0.0
2024,Las Vegas Grand Prix,BOT,FP3,2.842
2024,Las Vegas Grand Prix,PIA,FP3,0.215
2024,Qatar Grand Prix,VER,FP1,1.26
2024,Qatar Grand Prix,NOR,FP1,0.425
2024,Qatar Grand Prix,GAS,FP1,1.667
2024,Qatar Grand Prix,PER,FP1,2.086
2024,Qatar Grand Prix,ALO,FP1,1.274
2024,Qatar Grand Prix,LEC,FP1,0.0
2024,Qatar Grand Prix,STR,FP1,1.146
2024,Qatar Grand Prix,MAG,FP1,1.762
2024,Qatar Grand Prix,TSU,FP1,1.092
2024,Qatar Grand Prix,ALB,FP1,1.208
2024,Qatar Grand Prix,ZHO,FP1,1.927
2024,Qatar Grand Prix,HUL,FP1,1.292
2024,Qatar Grand Prix,LAW,FP1,1.609
2024,Qatar Grand Prix,OCO,FP1,2.327
2024,Qatar Grand Prix,COL,FP1,2.247
2024,Qatar Grand Prix,HAM,FP1,1.235
2024,Qatar Grand Prix,SAI,FP1,0.582
2024,Qatar Grand Prix,RUS,FP1,1.207
2024,Qatar Grand Prix,BOT,FP1,1.111
2024,Qatar Grand Prix,PIA,FP1,0.472
2024,Abu Dhabi Grand Prix,NOR,FP1,0.221
2024,Abu Dhabi Grand Prix,GAS,FP1,1.012
2024,Abu Dhabi Grand Prix,PER,FP1,1.162
2024,Abu Dhabi Grand Prix,ALO,FP1,1.183
2024,Abu Dhabi Grand Prix,LEC,FP1,0.0
2024,Abu Dhabi Grand Prix,MAG,FP1,1.123
2024,Abu Dhabi Grand Prix,ZHO,FP1,1.6
2024,Abu Dhabi Grand Prix,HUL,FP1,1.052
2024,Abu Dhabi Grand Prix,HIR,FP1,1.553
2024,Abu Dhabi Grand Prix,LAW,FP1,1.242
2024,Abu Dhabi Grand Prix,DRU,FP1,1.15
2024,Abu Dhabi Grand Prix,HAD,FP1,1.556
2024,Abu Dhabi Grand Prix,LEL,FP1,1.858
2024,Abu Dhabi Grand Prix,IWA,FP1,1.8
2024,Abu Dhabi Grand Prix,COL,FP1,1.061
2024,Abu Dhabi Grand Prix,HAM,FP1,0.485
2024,Abu Dhabi Grand Prix,BRO,FP1,2.198
2024,Abu Dhabi Grand Prix,DOO,FP1,1.983
2024,Abu Dhabi Grand Prix,RUS,FP1,0.844
2024,Abu Dhabi Grand Prix,BOT,FP1,1.29
2024,Abu Dhabi Grand Prix,VER,FP2,1.081
2024,Abu Dhabi Grand Prix,NOR,FP2,0.0
2024,Abu Dhabi Grand Prix,GAS,FP2,1.0
2024,Abu Dhabi Grand Prix,PER,FP2,1.038
2024,Abu Dhabi Grand Prix,ALO,FP2,1.057
2024,Abu Dhabi Grand Prix,LEC,FP2,0.684
2024,Abu Dhabi Grand Prix,STR,FP2,1.169
2024,Abu Dhabi Grand Prix,MAG,FP2,0.718
2024,Abu Dhabi Grand Prix,TSU,FP2,0.98
2024,Abu Dhabi Grand Prix,ALB,FP2,0.752
2024,Abu Dhabi Grand Prix,ZHO,FP2,1.04
2024,Abu Dhabi Grand Prix,HUL,FP2,0.462
2024,Abu Dhabi Grand Prix,LAW,FP2,0.986
2024,Abu Dhabi Grand Prix,COL,FP2,1.748
2024,Abu Dhabi Grand Prix,HAM,FP2,0.602
2024,Abu Dhabi Grand Prix,SAI,FP2,0.582
2024,Abu Dhabi Grand Prix,DOO,FP2,1.444
2024,Abu Dhabi Grand Prix,RUS,FP2,1.017
2024,Abu Dhabi Grand Prix,BOT,FP2,0.713
2024,Abu Dhabi Grand Prix,PIA,FP2,0.234
2024,Abu Dhabi Grand Prix,VER,FP3,0.411
2024,Abu Dhabi Grand Prix,NOR,FP3,0.193
2024,Abu Dhabi Grand Prix,GAS,FP3,0.975
2024,Abu Dhabi Grand Prix,PER,FP3,0.85
2024,Abu Dhabi Grand Prix,ALO,FP3,1.02
2024,Abu Dhabi Grand Prix,LEC,FP3,0.665
2024,Abu Dhabi Grand Prix,STR,FP3,1.098
2024,Abu Dhabi Grand Prix,MAG,FP3,0.661
2024,Abu Dhabi Grand Prix,TSU,FP3,0.91
2024,Abu Dhabi Grand Prix,ALB,FP3,0.945
2024,Abu Dhabi Grand Prix,ZHO,FP3,1.235
2024,Abu Dhabi Grand Prix,HUL,FP3,0.66
2024,Abu Dhabi Grand Prix,LAW,FP3,1.086
2024,Abu Dhabi Grand Prix,COL,FP3,1.333
2024,Abu Dhabi Grand Prix,HAM,FP3,0.39
2024,Abu Dhabi Grand Prix,SAI,FP3,0.438
2024,Abu Dhabi Grand Prix,DOO,FP3,1.001
2024,Abu Dhabi Grand Prix,RUS,FP3,0.642
2024,Abu Dhabi Grand Prix,BOT,FP3,1.046
2024,Abu Dhabi Grand Prix,PIA,FP3,0.0
2025,Australian Grand Prix,VER,FP1,0.444
2025,Australian Grand Prix,NOR,FP1,0.0
2025,Australian Grand Prix,BOR,FP1,1.186
2025,Australian Grand Prix,HAD,FP1,0.595
2025,Australian Grand Prix,DOO,FP1,0.98
2025,Australian Grand Prix,GAS,FP1,1.253
2025,Australian Grand Prix,ANT,FP1,1.138
2025,Australian Grand Prix,ALO,FP1,0.484
2025,Australian Grand Prix,LEC,FP1,0.209
2025,Australian Grand Prix,STR,FP1,0.805
2025,Australian Grand Prix,TSU,FP1,0.809
2025,Australian Grand Prix,ALB,FP1,0.461
2025,Australian Grand Prix,HUL,FP1,1.334
2025,Australian Grand Prix,LAW,FP1,1.203
2025,Australian Grand Prix,OCO,FP1,1.887
2025,Australian Grand Prix,HAM,FP1,0.819
2025,Australian Grand Prix,SAI,FP1,0.149
2025,Australian Grand Prix,RUS,FP1,0.464
2025,Australian Grand Prix,PIA,FP1,0.418
2025,Australian Grand Prix,BEA,FP1,2.06
2025,Australian Grand Prix,VER,FP2,0.624
2025,Australian Grand Prix,NOR,FP2,0.141
2025,Australian Grand Prix,BOR,FP2,1.408
2025,Australian Grand Prix,HAD,FP2,0.58
2025,Australian Grand Prix,DOO,FP2,0.955
2025,Australian Grand Prix,GAS,FP2,1.054
2025,Australian Grand Prix,ANT,FP2,1.195
2025,Australian Grand Prix,ALO,FP2,0.891
2025,Australian Grand Prix,LEC,FP2,0.0
2025,Australian Grand Prix,STR,FP2,0.84
2025,Australian Grand Prix,TSU,FP2,0.345
2025,Australian Grand Prix,ALB,FP2,0.863
2025,Australian Grand Prix,HUL,FP2,0.722
2025,Australian Grand Prix,LAW,FP2,1.201
2025,Australian Grand Prix,OCO,FP2,1.595
2025,Australian Grand Prix,HAM,FP2,0.42
2025,Australian Grand Prix,SAI,FP2,0.863
2025,Australian Grand Prix,RUS,FP2,0.843
2025,Australian Grand Prix,PIA,FP2,0.124
2025,Australian Grand Prix,VER,FP3,0.081
2025,Australian Grand Prix,NOR,FP3,0.676
2025,Australian Grand Prix,BOR,FP3,0.786
2025,Australian Grand Prix,HAD,FP3,0.811
2025,Australian Grand Prix,DOO,FP3,1.072
2025,Australian Grand Prix,GAS,FP3,0.798
2025,Australian Grand Prix,ANT,FP3,0.285
2025,Australian Grand Prix,ALO,FP3,1.349
2025,Australian Grand Prix,LEC,FP3,0.267
2025,Australian Grand Prix,STR,FP3,1.027
2025,Australian Grand Prix,TSU,FP3,0.534
2025,Australian Grand Prix,ALB,FP3,0.337
2025,Australian Grand Prix,HUL,FP3,1.225
2025,Australian Grand Prix,OCO,FP3,1.452
2025,Australian Grand Prix,HAM,FP3,0.457
2025,Australian Grand Prix,SAI,FP3,0.331
2025,Australian Grand Prix,RUS,FP3,0.039
2025,Australian Grand Prix,PIA,FP3,0.0
2025,Chinese Grand Prix,VER,FP1,1.78
2025,Chinese Grand Prix,NOR,FP1,0.0
2025,Chinese Grand Prix,BOR,FP1,2.318
2025,Chinese Grand Prix,HAD,FP1,1.881
2025,Chinese Grand Prix,DOO,FP1,2.419
2025,Chinese Grand Prix,GAS,FP1,1.619
2025,Chinese Grand Prix,ANT,FP1,1.37
2025,Chinese Grand Prix,ALO,FP1,1.262
2025,Chinese Grand Prix,LEC,FP1,0.454
2025,Chinese Grand Prix,STR,FP1,1.48
2025,Chinese Grand Prix,TSU,FP1,1.43
2025,Chinese Grand Prix,ALB,FP1,1.183
2025,Chinese Grand Prix,HUL,FP1,1.003
2025,Chinese Grand Prix,LAW,FP1,2.127
2025,Chinese Grand Prix,OCO,FP1,1.552
2025,Chinese Grand Prix,HAM,FP1,0.691
2025,Chinese Grand Prix,SAI,FP1,1.641
2025,Chinese Grand Prix,RUS,FP1,0.873
2025,Chinese Grand Prix,PIA,FP1,0.649
2025,Chinese Grand Prix,BEA,FP1,1.463
2025,Japanese Grand Prix,VER,FP1,0.516
2025,Japanese Grand Prix,NOR,FP1,0.0
2025,Japanese Grand Prix,BOR,FP1,1.598
2025,Japanese Grand Prix,HAD,FP1,0.676
2025,Japanese Grand Prix,GAS,FP1,0.998
2025,Japanese Grand Prix,ANT,FP1,0.735
2025,Japanese Grand Prix,ALO,FP1,0.673
2025,Japanese Grand Prix,LEC,FP1,0.416
2025,Japanese Grand Prix,STR,FP1,1.209
2025,Japanese Grand Prix,TSU,FP1,0.623
2025,Japanese Grand Prix,ALB,FP1,0.843
2025,Japanese Grand Prix,HUL,FP1,1.474
2025,Japanese Grand Prix,LAW,FP1,0.987
2025,Japanese Grand Prix,OCO,FP1,1.574
2025,Japanese Grand Prix,HAM,FP1,0.502
2025,Japanese Grand Prix,SAI,FP1,0.784
2025,Japanese Grand Prix,HIR,FP1,0.845
2025,Japanese Grand Prix,RUS,FP1,0.163
2025,Japanese Grand Prix,PIA,FP1,1.159
2025,Japanese Grand Prix,BEA,FP1,1.528
2025,Japanese Grand Prix,VER,FP2,0.556
2025,Japanese Grand Prix,NOR,FP2,0.049
2025,Japanese Grand Prix,BOR,FP2,1.221
2025,Japanese Grand Prix,HAD,FP2,0.404
2025,Japanese Grand Prix,DOO,FP2,3.545
2025,Japanese Grand Prix,GAS,FP2,0.643
2025,Japanese Grand Prix,ANT,FP2,1.619
2025,Japanese Grand Prix,ALO,FP2,1.864
2025,Japanese Grand Prix,LEC,FP2,0.472
2025,Japanese Grand Prix,STR,FP2,2.731
2025,Japanese Grand Prix,TSU,FP2,2.511
2025,Japanese Grand Prix,ALB,FP2,0.909
2025,Japanese Grand Prix,HUL,FP2,0.948
2025,Japanese Grand Prix,LAW,FP2,0.445
2025,Japanese Grand Prix,OCO,FP2,1.393
2025,Japanese Grand Prix,HAM,FP2,0.43
2025,Japanese Grand Prix,SAI,FP2,0.718
2025,Japanese Grand Prix,RUS,FP2,0.453
2025,Japanese Grand Prix,PIA,FP2,0.0
2025,Japanese Grand Prix,BEA,FP2,1.54
2025,Japanese Grand Prix,VER,FP3,0.532
2025,Japanese Grand Prix,NOR,FP3,0.0
2025,Japanese Grand Prix,BOR,FP3,2.169
2025,Japanese Grand Prix,HAD,FP3,0.821
2025,Japanese Grand Prix,DOO,FP3,1.802
2025,Japanese Grand Prix,GAS,FP3,0.638
2025,Japanese Grand Prix,ANT,FP3,1.161
2025,Japanese Grand Prix,ALO,FP3,1.807
2025,Japanese Grand Prix,LEC,FP3,0.449
2025,Japanese Grand Prix,STR,FP3,2.302
2025,Japanese Grand Prix,TSU,FP3,0.82
2025,Japanese Grand Prix,ALB,FP3,0.589
2025,Japanese Grand Prix,HUL,FP3,2.656
2025,Japanese Grand Prix,LAW,FP3,1.139
2025,Japanese Grand Prix,OCO,FP3,2.218
2025,Japanese Grand Prix,HAM,FP3,0.559
2025,Japanese Grand Prix,SAI,FP3,0.881
2025,Japanese Grand Prix,RUS,FP3,0.112
2025,Japanese Grand Prix,PIA,FP3,0.026
2025,Japanese Grand Prix,BEA,FP3,2.119
2025,Bahrain Grand Prix,NOR,FP1,0.0
2025,Bahrain Grand Prix,BOR,FP1,1.424
2025,Bahrain Grand Prix,HAD,FP1,1.463
2025,Bahrain Grand Prix,DOO,FP1,1.192
2025,Bahrain Grand Prix,GAS,FP1,0.238
2025,Bahrain Grand Prix,ANT,FP1,4.847
2025,Bahrain Grand Prix,STR,FP1,1.912
2025,Bahrain Grand Prix,TSU,FP1,1.28
2025,Bahrain Grand Prix,ALB,FP1,0.724
2025,Bahrain Grand Prix,HUL,FP1,1.058
2025,Bahrain Grand Prix,LAW,FP1,1.193
2025,Bahrain Grand Prix,OCO,FP1,0.98
2025,Bahrain Grand Prix,DRU,FP1,1.994
2025,Bahrain Grand Prix,IWA,FP1,2.271
2025,Bahrain Grand Prix,BEG,FP1,1.851
2025,Bahrain Grand Prix,HAM,FP1,0.596
2025,Bahrain Grand Prix,BRO,FP1,1.681
2025,Bahrain Grand Prix,HIR,FP1,2.057
2025,Bahrain Grand Prix,VES,FP1,2.121
2025,Bahrain Grand Prix,PIA,FP1,1.304
2025,Bahrain Grand Prix,VER,FP2,0.825
2025,Bahrain Grand Prix,NOR,FP2,0.154
2025,Bahrain Grand Prix,BOR,FP2,1.267
2025,Bahrain Grand Prix,HAD,FP2,0.733
2025,Bahrain Grand Prix,DOO,FP2,1.283
2025,Bahrain Grand Prix,GAS,FP2,1.442
2025,Bahrain Grand Prix,ANT,FP2,0.722
2025,Bahrain Grand Prix,ALO,FP2,1.32
2025,Bahrain Grand Prix,LEC,FP2,0.54
2025,Bahrain Grand Prix,STR,FP2,1.877
2025,Bahrain Grand Prix,TSU,FP2,1.519
2025,Bahrain Grand Prix,ALB,FP2,1.191
2025,Bahrain Grand Prix,HUL,FP2,1.991
2025,Bahrain Grand Prix,LAW,FP2,1.201
2025,Bahrain Grand Prix,OCO,FP2,1.365
2025,Bahrain Grand Prix,HAM,FP2,1.071
2025,Bahrain Grand Prix,SAI,FP2,1.118
2025,Bahrain Grand Prix,RUS,FP2,0.527
2025,Bahrain Grand Prix,PIA,FP2,0.0
2025,Bahrain Grand Prix,BEA,FP2,1.079
2025,Bahrain Grand Prix,VER,FP3,1.381
2025,Bahrain Grand Prix,NOR,FP3,0.668
2025,Bahrain Grand Prix,BOR,FP3,2.872
2025,Bahrain Grand Prix,HAD,FP3,1.377
2025,Bahrain Grand Prix,DOO,FP3,1.701
2025,Bahrain Grand Prix,GAS,FP3,1.328
2025,Bahrain Grand Prix,ANT,FP3,1.27
2025,Bahrain Grand Prix,ALO,FP3,1.902
2025,Bahrain Grand Prix,LEC,FP3,0.834
2025,Bahrain Grand Prix,STR,FP3,2.717
2025,Bahrain Grand Prix,TSU,FP3,3.319
2025,Bahrain Grand Prix,ALB,FP3,2.107
2025,Bahrain Grand Prix,HUL,FP3,2.99
2025,Bahrain Grand Prix,LAW,FP3,1.724
2025,Bahrain Grand Prix,OCO,FP3,1.594
2025,Bahrain Grand Prix,HAM,FP3,1.465
2025,Bahrain Grand Prix,SAI,FP3,1.446
2025,Bahrain Grand Prix,RUS,FP3,1.181
2025,Bahrain Grand Prix,PIA,FP3,0.0
2025,Bahrain Grand Prix,BEA,FP3,2.689
2025,Saudi Arabian Grand Prix,VER,FP1,0.579
2025,Saudi Arabian Grand Prix,NOR,FP1,0.007
2025,Saudi Arabian Grand Prix,BOR,FP1,1.799
2025,Saudi Arabian Grand Prix,HAD,FP1,0.772
2025,Saudi Arabian Grand Prix,DOO,FP1,0.944
2025,Saudi Arabian Grand Prix,GAS,FP1,0.0
2025,Saudi Arabian Grand Prix,ANT,FP1,0.695
2025,Saudi Arabian Grand Prix,ALO,FP1,0.737
2025,Saudi Arabian Grand Prix,LEC,FP1,0.07
2025,Saudi Arabian Grand Prix,STR,FP1,1.344
2025,Saudi Arabian Grand Prix,TSU,FP1,0.582
2025,Saudi Arabian Grand Prix,ALB,FP1,0.367
2025,Saudi Arabian Grand Prix,HUL,FP1,0.677
2025,Saudi Arabian Grand Prix,LAW,FP1,0.668
2025,Saudi Arabian Grand Prix,OCO,FP1,1.79
2025,Saudi Arabian Grand Prix,HAM,FP1,0.576
2025,Saudi Arabian Grand Prix,SAI,FP1,0.54
2025,Saudi Arabian Grand Prix,RUS,FP1,0.379
2025,Saudi Arabian Grand Prix,PIA,FP1,0.102
2025,Saudi Arabian Grand Prix,BEA,FP1,1.356
2025,Saudi Arabian Grand Prix,VER,FP2,0.28
2025,Saudi Arabian Grand Prix,NOR,FP2,0.0
2025,Saudi Arabian Grand Prix,HAD,FP2,1.039
2025,Saudi Arabian Grand Prix,DOO,FP2,1.645
2025,Saudi Arabian Grand Prix,GAS,FP2,0.839
2025,Saudi Arabian Grand Prix,ANT,FP2,0.975
2025,Saudi Arabian Grand Prix,ALO,FP2,1.395
2025,Saudi Arabian Grand Prix,LEC,FP2,0.482
2025,Saudi Arabian Grand Prix,STR,FP2,1.74
2025,Saudi Arabian Grand Prix,TSU,FP2,0.696
2025,Saudi Arabian Grand Prix,ALB,FP2,0.953
2025,Saudi Arabian Grand Prix,HUL,FP2,0.926
2025,Saudi Arabian Grand Prix,LAW,FP2,1.221
2025,Saudi Arabian Grand Prix,OCO,FP2,1.752
2025,Saudi Arabian Grand Prix,HAM,FP2,1.104
2025,Saudi Arabian Grand Prix,SAI,FP2,0.675
2025,Saudi Arabian Grand Prix,RUS,FP2,0.706
2025,Saudi Arabian Grand Prix,PIA,FP2,0.163
2025,Saudi Arabian Grand Prix,BEA,FP2,1.487
2025,Saudi Arabian Grand Prix,VER,FP3,0.845
2025,Saudi Arabian Grand Prix,NOR,FP3,0.0
2025,Saudi Arabian Grand Prix,BOR,FP3,1.921
2025,Saudi Arabian Grand Prix,HAD,FP3,1.28
2025,Saudi Arabian Grand Prix,DOO,FP3,1.409
2025,Saudi Arabian Grand Prix,GAS,FP3,1.136
2025,Saudi Arabian Grand Prix,ANT,FP3,1.19
2025,Saudi Arabian Grand Prix,ALO,FP3,1.399
2025,Saudi Arabian Grand Prix,LEC,FP3,0.883
2025,Saudi Arabian Grand Prix,STR,FP3,1.989
2025,Saudi Arabian Grand Prix,TSU,FP3,1.181
2025,Saudi Arabian Grand Prix,ALB,FP3,0.9
2025,Saudi Arabian Grand Prix,HUL,FP3,1.731
2025,Saudi Arabian Grand Prix,LAW,FP3,1.372
2025,Saudi Arabian Grand Prix,OCO,FP3,1.847
2025,Saudi Arabian Grand Prix,HAM,FP3,1.291
2025,Saudi Arabian Grand Prix,SAI,FP3,1.081
2025,Saudi Arabian Grand Prix,RUS,FP3,0.627
2025,Saudi Arabian Grand Prix,PIA,FP3,0.024
2025,Saudi Arabian Grand Prix,BEA,FP3,1.5
2025,Miami Grand Prix,VER,FP1,0.43
2025,Miami Grand Prix,NOR,FP1,1.263
2025,Miami Grand Prix,BOR,FP1,1.643
2025,Miami Grand Prix,HAD,FP1,0.84
2025,Miami Grand Prix,DOO,FP1,2.229
2025,Miami Grand Prix,GAS,FP1,1.956
2025,Miami Grand Prix,ANT,FP1,1.099
2025,Miami Grand Prix,ALO,FP1,1.115
2025,Miami Grand Prix,LEC,FP1,0.356
2025,Miami Grand Prix,STR,FP1,2.234
2025,Miami Grand Prix,TSU,FP1,1.027
2025,Miami Grand Prix,ALB,FP1,0.827
2025,Miami Grand Prix,HUL,FP1,1.445
2025,Miami Grand Prix,LAW,FP1,1.246
2025,Miami Grand Prix,OCO,FP1,2.051
2025,Miami Grand Prix,HAM,FP1,1.428
2025,Miami Grand Prix,SAI,FP1,0.55
2025,Miami Grand Prix,RUS,FP1,0.93
2025,Miami Grand Prix,PIA,FP1,0.0
2025,Miami Grand Prix,BEA,FP1,1.868
2025,Emilia Romagna Grand Prix,VER,FP1,0.36
2025,Emilia Romagna Grand Prix,NOR,FP1,0.032
2025,Emilia Romagna Grand Prix,BOR,FP1,0.38
2025,Emilia Romagna Grand Prix,HAD,FP1,1.096
2025,Emilia Romagna Grand Prix,GAS,FP1,0.151
2025,Emilia Romagna Grand Prix,ANT,FP1,0.549
2025,Emilia Romagna Grand Prix,ALO,FP1,0.576
2025,Emilia Romagna Grand Prix,LEC,FP1,0.532
2025,Emilia Romagna Grand Prix,STR,FP1,0.487
2025,Emilia Romagna Grand Prix,TSU,FP1,0.811
2025,Emilia Romagna Grand Prix,ALB,FP1,0.377
2025,Emilia Romagna Grand Prix,HUL,FP1,0.453
2025,Emilia Romagna Grand Prix,LAW,FP1,0.741
2025,Emilia Romagna Grand Prix,OCO,FP1,1.117
2025,Emilia Romagna Grand Prix,COL,FP1,0.828
2025,Emilia Romagna Grand Prix,HAM,FP1,0.096
2025,Emilia Romagna Grand Prix,SAI,FP1,0.052
2025,Emilia Romagna Grand Prix,RUS,FP1,0.054
2025,Emilia Romagna Grand Prix,PIA,FP1,0.0
2025,Emilia Romagna Grand Prix,BEA,FP1,0.901
2025,Emilia Romagna Grand Prix,VER,FP2,0.442
2025,Emilia Romagna Grand Prix,NOR,FP2,0.025
2025,Emilia Romagna Grand Prix,BOR,FP2,1.046
2025,Emilia Romagna Grand Prix,HAD,FP2,0.499
2025,Emilia Romagna Grand Prix,GAS,FP2,0.276
2025,Emilia Romagna Grand Prix,ANT,FP2,1.113
2025,Emilia Romagna Grand Prix,ALO,FP2,0.927
2025,Emilia Romagna Grand Prix,LEC,FP2,0.475
2025,Emilia Romagna Grand Prix,STR,FP2,1.048
2025,Emilia Romagna Grand Prix,TSU,FP2,0.534
2025,Emilia Romagna Grand Prix,ALB,FP2,0.623
2025,Emilia Romagna Grand Prix,HUL,FP2,1.126
2025,Emilia Romagna Grand Prix,LAW,FP2,0.962
2025,Emilia Romagna Grand Prix,OCO,FP2,1.127
2025,Emilia Romagna Grand Prix,COL,FP2,0.751
2025,Emilia Romagna Grand Prix,HAM,FP2,0.65
2025,Emilia Romagna Grand Prix,SAI,FP2,0.641
2025,Emilia Romagna Grand Prix,RUS,FP2,0.4
2025,Emilia Romagna Grand Prix,PIA,FP2,0.0
2025,Emilia Romagna Grand Prix,BEA,FP2,0.716
2025,Emilia Romagna Grand Prix,VER,FP3,0.181
2025,Emilia Romagna Grand Prix,NOR,FP3,0.0
2025,Emilia Romagna Grand Prix,BOR,FP3,1.149
2025,Emilia Romagna Grand Prix,HAD,FP3,0.611
2025,Emilia Romagna Grand Prix,GAS,FP3,1.093
2025,Emilia Romagna Grand Prix,ANT,FP3,0.502
2025,Emilia Romagna Grand Prix,ALO,FP3,0.922
2025,Emilia Romagna Grand Prix,LEC,FP3,0.554
2025,Emilia Romagna Grand Prix,STR,FP3,1.078
2025,Emilia Romagna Grand Prix,TSU,FP3,1.213
2025,Emilia Romagna Grand Prix,ALB,FP3,0.835
2025,Emilia Romagna Grand Prix,HUL,FP3,1.341
2025,Emilia Romagna Grand Prix,LAW,FP3,1.08
2025,Emilia Romagna Grand Prix,OCO,FP3,1.49
2025,Emilia Romagna Grand Prix,COL,FP3,1.313
2025,Emilia Romagna Grand Prix,HAM,FP3,0.89
2025,Emilia Romagna Grand Prix,SAI,FP3,0.56
2025,Emilia Romagna Grand Prix,RUS,FP3,0.765
2025,Emilia Romagna Grand Prix,PIA,FP3,0.1
2025,Emilia Romagna Grand Prix,BEA,FP3,1.047
2025,Monaco Grand Prix,VER,FP1,0.163
2025,Monaco Grand Prix,NOR,FP1,0.326
2025,Monaco Grand Prix,BOR,FP1,1.506
2025,Monaco Grand Prix,HAD,FP1,1.223
2025,Monaco Grand Prix,GAS,FP1,0.705
2025,Monaco Grand Prix,ANT,FP1,0.801
2025,Monaco Grand Prix,ALO,FP1,0.763
2025,Monaco Grand Prix,LEC,FP1,0.0
2025,Monaco Grand Prix,STR,FP1,3.671
2025,Monaco Grand Prix,TSU,FP1,1.268
2025,Monaco Grand Prix,ALB,FP1,0.35
2025,Monaco Grand Prix,HUL,FP1,1.015
2025,Monaco Grand Prix,LAW,FP1,1.465
2025,Monaco Grand Prix,OCO,FP1,1.43
2025,Monaco Grand Prix,COL,FP1,1.856
2025,Monaco Grand Prix,HAM,FP1,0.726
2025,Monaco Grand Prix,SAI,FP1,0.57
2025,Monaco Grand Prix,RUS,FP1,0.518
2025,Monaco Grand Prix,PIA,FP1,0.378
2025,Monaco Grand Prix,BEA,FP1,1.365
2025,Monaco Grand Prix,VER,FP2,0.713
2025,Monaco Grand Prix,NOR,FP2,0.322
2025,Monaco Grand Prix,BOR,FP2,0.879
2025,Monaco Grand Prix,HAD,FP2,0.487
2025,Monaco Grand Prix,GAS,FP2,1.049
2025,Monaco Grand Prix,ANT,FP2,0.647
2025,Monaco Grand Prix,ALO,FP2,0.535
2025,Monaco Grand Prix,LEC,FP2,0.0
2025,Monaco Grand Prix,STR,FP2,1.157
2025,Monaco Grand Prix,TSU,FP2,0.717
2025,Monaco Grand Prix,ALB,FP2,0.563
2025,Monaco Grand Prix,HUL,FP2,0.907
2025,Monaco Grand Prix,LAW,FP2,0.468
2025,Monaco Grand Prix,OCO,FP2,1.186
2025,Monaco Grand Prix,COL,FP2,2.06
2025,Monaco Grand Prix,HAM,FP2,0.105
2025,Monaco Grand Prix,SAI,FP2,0.796
2025,Monaco Grand Prix,RUS,FP2,0.737
2025,Monaco Grand Prix,PIA,FP2,0.038
2025,Monaco Grand Prix,BEA,FP2,0.904
2025,Monaco Grand Prix,VER,FP3,0.28
2025,Monaco Grand Prix,NOR,FP3,0.294
2025,Monaco Grand Prix,BOR,FP3,1.648
2025,Monaco Grand Prix,HAD,FP3,1.318
2025,Monaco Grand Prix,GAS,FP3,1.241
2025,Monaco Grand Prix,ANT,FP3,1.06
2025,Monaco Grand Prix,ALO,FP3,1.148
2025,Monaco Grand Prix,LEC,FP3,0.0
2025,Monaco Grand Prix,STR,FP3,1.249
2025,Monaco Grand Prix,TSU,FP3,0.999
2025,Monaco Grand Prix,ALB,FP3,0.715
2025,Monaco Grand Prix,HUL,FP3,1.172
2025,Monaco Grand Prix,LAW,FP3,0.861
2025,Monaco Grand Prix,OCO,FP3,1.546
2025,Monaco Grand Prix,COL,FP3,1.898
2025,Monaco Grand Prix,HAM,FP3,0.563
2025,Monaco Grand Prix,SAI,FP3,0.94
2025,Monaco Grand Prix,RUS,FP3,1.113
2025,Monaco Grand Prix,PIA,FP3,0.445
2025,Monaco Grand Prix,BEA,FP3,1.298
2025,Spanish Grand Prix,VER,FP1,0.367
2025,Spanish Grand Prix,NOR,FP1,0.0
2025,Spanish Grand Prix,BOR,FP1,1.437
2025,Spanish Grand Prix,HAD,FP1,0.887
2025,Spanish Grand Prix,GAS,FP1,1.028
2025,Spanish Grand Prix,ANT,FP1,1.651
2025,Spanish Grand Prix,ALO,FP1,1.08
2025,Spanish Grand Prix,LEC,FP1,0.52
2025,Spanish Grand Prix,STR,FP1,1.068
2025,Spanish Grand Prix,TSU,FP1,0.925
2025,Spanish Grand Prix,HUL,FP1,1.147
2025,Spanish Grand Prix,LAW,FP1,0.621
2025,Spanish Grand Prix,COL,FP1,1.812
2025,Spanish Grand Prix,HAM,FP1,0.378
2025,Spanish Grand Prix,MAR,FP1,1.804
2025,Spanish Grand Prix,HIR,FP1,1.58
2025,Spanish Grand Prix,SAI,FP1,1.217
2025,Spanish Grand Prix,RUS,FP1,1.033
2025,Spanish Grand Prix,PIA,FP1,0.576
2025,Spanish Grand Prix,BEA,FP1,0.879
2025,Spanish Grand Prix,VER,FP2,0.31
2025,Spanish Grand Prix,NOR,FP2,0.31
2025,Spanish Grand Prix,BOR,FP2,1.199
2025,Spanish Grand Prix,HAD,FP2,0.64
2025,Spanish Grand Prix,GAS,FP2,0.625
2025,Spanish Grand Prix,ANT,FP2,0.538
2025,Spanish Grand Prix,ALO,FP2,0.541
2025,Spanish Grand Prix,LEC,FP2,0.5
2025,Spanish Grand Prix,STR,FP2,1.079
2025,Spanish Grand Prix,TSU,FP2,0.923
2025,Spanish Grand Prix,ALB,FP2,1.079
2025,Spanish Grand Prix,HUL,FP2,0.832
2025,Spanish Grand Prix,LAW,FP2,0.734
2025,Spanish Grand Prix,OCO,FP2,1.245
2025,Spanish Grand Prix,COL,FP2,1.543
2025,Spanish Grand Prix,HAM,FP2,0.773
2025,Spanish Grand Prix,SAI,FP2,0.961
2025,Spanish Grand Prix,RUS,FP2,0.286
2025,Spanish Grand Prix,PIA,FP2,0.0
2025,Spanish Grand Prix,BEA,FP2,1.366
2025,Spanish Grand Prix,VER,FP3,0.988
2025,Spanish Grand Prix,NOR,FP3,0.526
2025,Spanish Grand Prix,BOR,FP3,1.335
2025,Spanish Grand Prix,HAD,FP3,0.995
2025,Spanish Grand Prix,GAS,FP3,1.567
2025,Spanish Grand Prix,ANT,FP3,1.018
2025,Spanish Grand Prix,ALO,FP3,1.027
2025,Spanish Grand Prix,LEC,FP3,0.743
2025,Spanish Grand Prix,STR,FP3,1.517
2025,Spanish Grand Prix,TSU,FP3,1.505
2025,Spanish Grand Prix,ALB,FP3,44.711
2025,Spanish Grand Prix,HUL,FP3,1.346
2025,Spanish Grand Prix,LAW,FP3,1.25
2025,Spanish Grand Prix,OCO,FP3,1.751
2025,Spanish Grand Prix,COL,FP3,1.698
2025,Spanish Grand Prix,HAM,FP3,1.14
2025,Spanish Grand Prix,SAI,FP3,1.371
2025,Spanish Grand Prix,RUS,FP3,0.752
2025,Spanish Grand Prix,PIA,FP3,0.0
2025,Spanish Grand Prix,BEA,FP3,2.073
2025,Canadian Grand Prix,VER,FP1,0.0
2025,Canadian Grand Prix,NOR,FP1,0.458
2025,Canadian Grand Prix,BOR,FP1,1.131
2025,Canadian Grand Prix,HAD,FP1,0.438
2025,Canadian Grand Prix,GAS,FP1,0.624
2025,Canadian Grand Prix,ANT,FP1,0.809
2025,Canadian Grand Prix,ALO,FP1,0.779
2025,Canadian Grand Prix,LEC,FP1,0.692
2025,Canadian Grand Prix,STR,FP1,1.01
2025,Canadian Grand Prix,TSU,FP1,0.734
2025,Canadian Grand Prix,ALB,FP1,0.039
2025,Canadian Grand Prix,HUL,FP1,1.628
2025,Canadian Grand Prix,LAW,FP1,0.544
2025,Canadian Grand Prix,OCO,FP1,1.412
2025,Canadian Grand Prix,COL,FP1,1.452
2025,Canadian Grand Prix,HAM,FP1,0.427
2025,Canadian Grand Prix,SAI,FP1,0.082
2025,Canadian Grand Prix,RUS,FP1,0.342
2025,Canadian Grand Prix,PIA,FP1,1.005
2025,Canadian Grand Prix,BEA,FP1,1.327
2025,Canadian Grand Prix,VER,FP2,0.543
2025,Canadian Grand Prix,NOR,FP2,0.028
2025,Canadian Grand Prix,BOR,FP2,0.773
2025,Canadian Grand Prix,HAD,FP2,0.676
2025,Canadian Grand Prix,GAS,FP2,0.751
2025,Canadian Grand Prix,ANT,FP2,0.288
2025,Canadian Grand Prix,ALO,FP2,0.335
2025,Canadian Grand Prix,TSU,FP2,0.816
2025,Canadian Grand Prix,ALB,FP2,0.322
2025,Canadian Grand Prix,HUL,FP2,0.791
2025,Canadian Grand Prix,LAW,FP2,0.628
2025,Canadian Grand Prix,OCO,FP2,1.052
2025,Canadian Grand Prix,COL,FP2,1.775
2025,Canadian Grand Prix,HAM,FP2,0.53
2025,Canadian Grand Prix,SAI,FP2,0.508
2025,Canadian Grand Prix,RUS,FP2,0.0
2025,Canadian Grand Prix,PIA,FP2,0.439
2025,Canadian Grand Prix,BEA,FP2,0.957
2025,Canadian Grand Prix,VER,FP3,0.273
2025,Canadian Grand Prix,NOR,FP3,0.0
2025,Canadian Grand Prix,BOR,FP3,1.373
2025,Canadian Grand Prix,HAD,FP3,0.852
2025,Canadian Grand Prix,GAS,FP3,0.885
2025,Canadian Grand Prix,ANT,FP3,0.549
2025,Canadian Grand Prix,ALO,FP3,0.448
2025,Canadian Grand Prix,LEC,FP3,0.078
2025,Canadian Grand Prix,STR,FP3,0.995
2025,Canadian Grand Prix,TSU,FP3,1.774
2025,Canadian Grand Prix,ALB,FP3,0.774
2025,Canadian Grand Prix,HUL,FP3,1.273
2025,Canadian Grand Prix,LAW,FP3,0.992
2025,Canadian Grand Prix,OCO,FP3,1.028
2025,Canadian Grand Prix,COL,FP3,1.261
2025,Canadian Grand Prix,HAM,FP3,0.251
2025,Canadian Grand Prix,SAI,FP3,0.72
2025,Canadian Grand Prix,RUS,FP3,0.151
2025,Canadian Grand Prix,PIA,FP3,0.72
2025,Canadian Grand Prix,BEA,FP3,1.026
2025,Austrian Grand Prix,VER,FP1,0.065
2025,Austrian Grand Prix,BOR,FP1,0.332
2025,Austrian Grand Prix,HAD,FP1,0.568
2025,Austrian Grand Prix,GAS,FP1,0.238
2025,Austrian Grand Prix,ANT,FP1,0.588
2025,Austrian Grand Prix,ALO,FP1,0.628
2025,Austrian Grand Prix,STR,FP1,0.618
2025,Austrian Grand Prix,TSU,FP1,0.72
2025,Austrian Grand Prix,ALB,FP1,0.404
2025,Austrian Grand Prix,HUL,FP1,0.598
2025,Austrian Grand Prix,LAW,FP1,0.647
2025,Austrian Grand Prix,OCO,FP1,0.968
2025,Austrian Grand Prix,BEG,FP1,0.827
2025,Austrian Grand Prix,COL,FP1,0.704
2025,Austrian Grand Prix,HAM,FP1,0.557
2025,Austrian Grand Prix,SAI,FP1,0.475
2025,Austrian Grand Prix,RUS,FP1,0.0
2025,Austrian Grand Prix,PIA,FP1,0.155
2025,Austrian Grand Prix,BEA,FP1,1.196
2025,Austrian Grand Prix,DUN,FP1,0.224
2025,Austrian Grand Prix,VER,FP2,0.318
2025,Austrian Grand Prix,NOR,FP2,0.0
2025,Austrian Grand Prix,BOR,FP2,0.831
2025,Austrian Grand Prix,HAD,FP2,0.967
2025,Austrian Grand Prix,GAS,FP2,1.033
2025,Austrian Grand Prix,ANT,FP2,0.957
2025,Austrian Grand Prix,ALO,FP2,0.877
2025,Austrian Grand Prix,LEC,FP2,0.61
2025,Austrian Grand Prix,STR,FP2,0.442
2025,Austrian Grand Prix,TSU,FP2,0.712
2025,Austrian Grand Prix,ALB,FP2,1.185
2025,Austrian Grand Prix,HUL,FP2,1.338
2025,Austrian Grand Prix,LAW,FP2,0.963
2025,Austrian Grand Prix,OCO,FP2,1.118
2025,Austrian Grand Prix,COL,FP2,1.596
2025,Austrian Grand Prix,HAM,FP2,0.931
2025,Austrian Grand Prix,SAI,FP2,1.234
2025,Austrian Grand Prix,RUS,FP2,0.649
2025,Austrian Grand Prix,PIA,FP2,0.157
2025,Austrian Grand Prix,BEA,FP2,1.255
2025,Austrian Grand Prix,VER,FP3,0.21
2025,Austrian Grand Prix,NOR,FP3,0.0
2025,Austrian Grand Prix,BOR,FP3,0.858
2025,Austrian Grand Prix,HAD,FP3,1.699
2025,Austrian Grand Prix,GAS,FP3,1.042
2025,Austrian Grand Prix,ANT,FP3,0.729
2025,Austrian Grand Prix,ALO,FP3,0.919
2025,Austrian Grand Prix,LEC,FP3,0.25
2025,Austrian Grand Prix,STR,FP3,0.738
2025,Austrian Grand Prix,TSU,FP3,0.815
2025,Austrian Grand Prix,ALB,FP3,0.99
2025,Austrian Grand Prix,HUL,FP3,0.959
2025,Austrian Grand Prix,LAW,FP3,0.858
2025,Austrian Grand Prix,OCO,FP3,1.195
2025,Austrian Grand Prix,COL,FP3,1.222
2025,Austrian Grand Prix,HAM,FP3,0.466
2025,Austrian Grand Prix,SAI,FP3,1.002
2025,Austrian Grand Prix,RUS,FP3,0.694
2025,Austrian Grand Prix,PIA,FP3,0.118
2025,Austrian Grand Prix,BEA,FP3,1.042
2025,British Grand Prix,VER,FP1,0.54
2025,British Grand Prix,NOR,FP1,0.023
2025,British Grand Prix,BOR,FP1,1.505
2025,British Grand Prix,HAD,FP1,0.325
2025,British Grand Prix,GAS,FP1,1.44
2025,British Grand Prix,ANT,FP1,0.475
2025,British Grand Prix,ALO,FP1,0.786
2025,British Grand Prix,LEC,FP1,0.203
2025,British Grand Prix,STR,FP1,0.952
2025,British Grand Prix,ALB,FP1,0.412
2025,British Grand Prix,LAW,FP1,0.459
2025,British Grand Prix,OCO,FP1,1.165
2025,British Grand Prix,LIN,FP1,1.066
2025,British Grand Prix,COL,FP1,1.194
2025,British Grand Prix,HAM,FP1,0.0
2025,British Grand Prix,SAI,FP1,1.017
2025,British Grand Prix,RUS,FP1,0.271
2025,British Grand Prix,PIA,FP1,0.15
2025,British Grand Prix,BEA,FP1,1.255
2025,British Grand Prix,ARO,FP1,1.25
2025,British Grand Prix,VER,FP2,0.498
2025,British Grand Prix,NOR,FP2,0.0
2025,British Grand Prix,BOR,FP2,1.088
2025,British Grand Prix,HAD,FP2,0.708
2025,British Grand Prix,GAS,FP2,1.358
2025,British Grand Prix,ANT,FP2,0.567
2025,British Grand Prix,ALO,FP2,1.06
2025,British Grand Prix,LEC,FP2,0.222
2025,British Grand Prix,STR,FP2,0.614
2025,British Grand Prix,TSU,FP2,1.164
2025,British Grand Prix,ALB,FP2,1.024
2025,British Grand Prix,HUL,FP2,1.349
2025,British Grand Prix,LAW,FP2,0.808
2025,British Grand Prix,OCO,FP2,1.125
2025,British Grand Prix,COL,FP2,1.473
2025,British Grand Prix,HAM,FP2,0.301
2025,British Grand Prix,SAI,FP2,1.343
2025,British Grand Prix,RUS,FP2,0.707
2025,British Grand Prix,PIA,FP2,0.47
2025,British Grand Prix,BEA,FP2,1.41
2025,British Grand Prix,VER,FP3,0.087
2025,British Grand Prix,NOR,FP3,0.108
2025,British Grand Prix,BOR,FP3,1.003
2025,British Grand Prix,HAD,FP3,0.631
2025,British Grand Prix,GAS,FP3,2.38
2025,British Grand Prix,ANT,FP3,0.924
2025,British Grand Prix,ALO,FP3,1.396
2025,British Grand Prix,LEC,FP3,0.0
2025,British Grand Prix,STR,FP3,2.102
2025,British Grand Prix,TSU,FP3,0.606
2025,British Grand Prix,ALB,FP3,0.621
2025,British Grand Prix,HUL,FP3,1.001
2025,British Grand Prix,LAW,FP3,0.758
2025,British Grand Prix,OCO,FP3,0.879
2025,British Grand Prix,COL,FP3,2.099
2025,British Grand Prix,HAM,FP3,0.834
2025,British Grand Prix,SAI,FP3,0.834
2025,British Grand Prix,RUS,FP3,0.627
2025,British Grand Prix,PIA,FP3,0.068
2025,British Grand Prix,BEA,FP3,0.614
2025,Belgian Grand Prix,VER,FP1,0.404
2025,Belgian Grand Prix,NOR,FP1,0.504
2025,Belgian Grand Prix,BOR,FP1,1.24
2025,Belgian Grand Prix,HAD,FP1,1.1
2025,Belgian Grand Prix,GAS,FP1,1.907
2025,Belgian Grand Prix,ANT,FP1,0.957
2025,Belgian Grand Prix,ALO,FP1,1.098
2025,Belgian Grand Prix,LEC,FP1,0.906
2025,Belgian Grand Prix,STR,FP1,1.09
2025,Belgian Grand Prix,TSU,FP1,2.47
2025,Belgian Grand Prix,ALB,FP1,1.239
2025,Belgian Grand Prix,HUL,FP1,1.448
2025,Belgian Grand Prix,LAW,FP1,1.456
2025,Belgian Grand Prix,OCO,FP1,1.548
2025,Belgian Grand Prix,COL,FP1,2.825
2025,Belgian Grand Prix,HAM,FP1,1.063
2025,Belgian Grand Prix,SAI,FP1,1.195
2025,Belgian Grand Prix,RUS,FP1,0.576
2025,Belgian Grand Prix,PIA,FP1,0.0
2025,Belgian Grand Prix,BEA,FP1,3.055
2025,Hungarian Grand Prix,VER,FP1,0.888
2025,Hungarian Grand Prix,NOR,FP1,0.0
2025,Hungarian Grand Prix,BOR,FP1,1.6
2025,Hungarian Grand Prix,HAD,FP1,0.629
2025,Hungarian Grand Prix,GAS,FP1,1.071
2025,Hungarian Grand Prix,ANT,FP1,0.828
2025,Hungarian Grand Prix,LEC,FP1,0.217
2025,Hungarian Grand Prix,STR,FP1,0.906
2025,Hungarian Grand Prix,TSU,FP1,1.341
2025,Hungarian Grand Prix,ALB,FP1,0.932
2025,Hungarian Grand Prix,LAW,FP1,1.132
2025,Hungarian Grand Prix,OCO,FP1,0.952
2025,Hungarian Grand Prix,DRU,FP1,1.217
2025,Hungarian Grand Prix,COL,FP1,1.412
2025,Hungarian Grand Prix,HAM,FP1,0.682
2025,Hungarian Grand Prix,SAI,FP1,1.143
2025,Hungarian Grand Prix,RUS,FP1,0.873
2025,Hungarian Grand Prix,PIA,FP1,0.019
2025,Hungarian Grand Prix,BEA,FP1,0.826
2025,Hungarian Grand Prix,ARO,FP1,3.736
2025,Hungarian Grand Prix,VER,FP2,1.167
2025,Hungarian Grand Prix,NOR,FP2,0.0
2025,Hungarian Grand Prix,BOR,FP2,1.322
2025,Hungarian Grand Prix,HAD,FP2,0.803
2025,Hungarian Grand Prix,GAS,FP2,1.419
2025,Hungarian Grand Prix,ANT,FP2,0.896
2025,Hungarian Grand Prix,ALO,FP2,0.609
2025,Hungarian Grand Prix,LEC,FP2,0.399
2025,Hungarian Grand Prix,STR,FP2,0.495
2025,Hungarian Grand Prix,TSU,FP2,0.861
2025,Hungarian Grand Prix,ALB,FP2,1.397
2025,Hungarian Grand Prix,HUL,FP2,1.056
2025,Hungarian Grand Prix,LAW,FP2,1.188
2025,Hungarian Grand Prix,OCO,FP2,1.08
2025,Hungarian Grand Prix,COL,FP2,1.535
2025,Hungarian Grand Prix,HAM,FP2,0.705
2025,Hungarian Grand Prix,SAI,FP2,1.25
2025,Hungarian Grand Prix,RUS,FP2,0.793
2025,Hungarian Grand Prix,PIA,FP2,0.291
2025,Hungarian Grand Prix,BEA,FP2,0.943
2025,Hungarian Grand Prix,VER,FP3,1.246
2025,Hungarian Grand Prix,NOR,FP3,0.032
2025,Hungarian Grand Prix,BOR,FP3,1.062
2025,Hungarian Grand Prix,HAD,FP3,2.04
2025,Hungarian Grand Prix,GAS,FP3,1.654
2025,Hungarian Grand Prix,ANT,FP3,0.829
2025,Hungarian Grand Prix,ALO,FP3,0.878
2025,Hungarian Grand Prix,LEC,FP3,0.399
2025,Hungarian Grand Prix,STR,FP3,0.912
2025,Hungarian Grand Prix,TSU,FP3,1.962
2025,Hungarian Grand Prix,ALB,FP3,1.614
2025,Hungarian Grand Prix,HUL,FP3,1.109
2025,Hungarian Grand Prix,LAW,FP3,1.455
2025,Hungarian Grand Prix,OCO,FP3,1.615
2025,Hungarian Grand Prix,COL,FP3,1.331
2025,Hungarian Grand Prix,HAM,FP3,0.768
2025,Hungarian Grand Prix,SAI,FP3,1.526
2025,Hungarian Grand Prix,RUS,FP3,0.924
2025,Hungarian Grand Prix,PIA,FP3,0.0
2025,Hungarian Grand Prix,BEA,FP3,1.211
2025,Dutch Grand Prix,VER,FP1,0.94
2025,Dutch Grand Prix,NOR,FP1,0.0
2025,Dutch Grand Prix,BOR,FP1,1.231
2025,Dutch Grand Prix,HAD,FP1,1.494
2025,Dutch Grand Prix,GAS,FP1,1.335
2025,Dutch Grand Prix,ANT,FP1,3.997
2025,Dutch Grand Prix,ALO,FP1,0.563
2025,Dutch Grand Prix,LEC,FP1,1.673
2025,Dutch Grand Prix,STR,FP1,0.501
2025,Dutch Grand Prix,TSU,FP1,1.848
2025,Dutch Grand Prix,ALB,FP1,0.893
2025,Dutch Grand Prix,HUL,FP1,1.597
2025,Dutch Grand Prix,LAW,FP1,1.475
2025,Dutch Grand Prix,OCO,FP1,1.866
2025,Dutch Grand Prix,COL,FP1,1.998
2025,Dutch Grand Prix,HAM,FP1,1.682
2025,Dutch Grand Prix,SAI,FP1,1.18
2025,Dutch Grand Prix,RUS,FP1,1.108
2025,Dutch Grand Prix,PIA,FP1,0.292
2025,Dutch Grand Prix,BEA,FP1,2.286
2025,Dutch Grand Prix,VER,FP2,0.588
2025,Dutch Grand Prix,NOR,FP2,0.0
2025,Dutch Grand Prix,BOR,FP2,1.43
2025,Dutch Grand Prix,GAS,FP2,2.232
2025,Dutch Grand Prix,ANT,FP2,1.295
2025,Dutch Grand Prix,ALO,FP2,0.087
2025,Dutch Grand Prix,LEC,FP2,0.944
2025,Dutch Grand Prix,STR,FP2,2.085
2025,Dutch Grand Prix,TSU,FP2,0.905
2025,Dutch Grand Prix,ALB,FP2,1.866
2025,Dutch Grand Prix,HUL,FP2,1.19
2025,Dutch Grand Prix,LAW,FP2,1.449
2025,Dutch Grand Prix,OCO,FP2,1.471
2025,Dutch Grand Prix,COL,FP2,1.067
2025,Dutch Grand Prix,HAM,FP2,0.848
2025,Dutch Grand Prix,SAI,FP2,1.792
2025,Dutch Grand Prix,RUS,FP2,0.384
2025,Dutch Grand Prix,PIA,FP2,0.089
2025,Dutch Grand Prix,BEA,FP2,1.223
2025,Dutch Grand Prix,VER,FP3,0.953
2025,Dutch Grand Prix,NOR,FP3,0.0
2025,Dutch Grand Prix,BOR,FP3,1.389
2025,Dutch Grand Prix,HAD,FP3,1.194
2025,Dutch Grand Prix,GAS,FP3,1.991
2025,Dutch Grand Prix,ANT,FP3,1.725
2025,Dutch Grand Prix,ALO,FP3,1.26
2025,Dutch Grand Prix,LEC,FP3,0.966
2025,Dutch Grand Prix,STR,FP3,1.131
2025,Dutch Grand Prix,TSU,FP3,1.377
2025,Dutch Grand Prix,ALB,FP3,1.127
2025,Dutch Grand Prix,HUL,FP3,1.627
2025,Dutch Grand Prix,LAW,FP3,1.328
2025,Dutch Grand Prix,OCO,FP3,1.829
2025,Dutch Grand Prix,COL,FP3,2.082
2025,Dutch Grand Prix,HAM,FP3,1.401
2025,Dutch Grand Prix,SAI,FP3,0.941
2025,Dutch Grand Prix,RUS,FP3,0.886
2025,Dutch Grand Prix,PIA,FP3,0.242
2025,Dutch Grand Prix,BEA,FP3,1.623
2025,Italian Grand Prix,VER,FP1,0.575
2025,Italian Grand Prix,NOR,FP1,0.904
2025,Italian Grand Prix,BOR,FP1,1.055
2025,Italian Grand Prix,HAD,FP1,1.041
2025,Italian Grand Prix,GAS,FP1,1.536
2025,Italian Grand Prix,ANT,FP1,0.823
2025,Italian Grand Prix,ALO,FP1,0.997
2025,Italian Grand Prix,LEC,FP1,0.169
2025,Italian Grand Prix,STR,FP1,1.178
2025,Italian Grand Prix,TSU,FP1,1.175
2025,Italian Grand Prix,ALB,FP1,0.956
2025,Italian Grand Prix,HUL,FP1,1.062
2025,Italian Grand Prix,LAW,FP1,1.084
2025,Italian Grand Prix,OCO,FP1,1.525
2025,Italian Grand Prix,HAM,FP1,0.0
2025,Italian Grand Prix,SAI,FP1,0.533
2025,Italian Grand Prix,ARO,FP1,2.036
2025,Italian Grand Prix,RUS,FP1,0.993
2025,Italian Grand Prix,BEA,FP1,1.941
2025,Italian Grand Prix,DUN,FP1,1.489
2025,Italian Grand Prix,VER,FP2,0.199
2025,Italian Grand Prix,NOR,FP2,0.0
2025,Italian Grand Prix,BOR,FP2,0.597
2025,Italian Grand Prix,HAD,FP2,0.505
2025,Italian Grand Prix,GAS,FP2,1.224
2025,Italian Grand Prix,ANT,FP2,1.489
2025,Italian Grand Prix,ALO,FP2,0.767
2025,Italian Grand Prix,LEC,FP2,0.083
2025,Italian Grand Prix,STR,FP2,0.65
2025,Italian Grand Prix,TSU,FP2,0.391
2025,Italian Grand Prix,ALB,FP2,0.301
2025,Italian Grand Prix,HUL,FP2,0.363
2025,Italian Grand Prix,LAW,FP2,0.933
2025,Italian Grand Prix,OCO,FP2,0.776
2025,Italian Grand Prix,COL,FP2,1.686
2025,Italian Grand Prix,HAM,FP2,0.192
2025,Italian Grand Prix,SAI,FP2,0.096
2025,Italian Grand Prix,RUS,FP2,0.398
2025,Italian Grand Prix,PIA,FP2,0.181
2025,Italian Grand Prix,BEA,FP2,0.729
2025,Italian Grand Prix,VER,FP3,0.167
2025,Italian Grand Prix,NOR,FP3,0.0
2025,Italian Grand Prix,BOR,FP3,0.227
2025,Italian Grand Prix,HAD,FP3,0.272
2025,Italian Grand Prix,GAS,FP3,0.916
2025,Italian Grand Prix,ANT,FP3,0.365
2025,Italian Grand Prix,ALO,FP3,0.53
2025,Italian Grand Prix,LEC,FP3,0.021
2025,Italian Grand Prix,STR,FP3,0.916
2025,Italian Grand Prix,TSU,FP3,0.728
2025,Italian Grand Prix,ALB,FP3,0.389
2025,Italian Grand Prix,HUL,FP3,0.406
2025,Italian Grand Prix,LAW,FP3,0.801
2025,Italian Grand Prix,OCO,FP3,0.973
2025,Italian Grand Prix,COL,FP3,0.703
2025,Italian Grand Prix,HAM,FP3,0.267
2025,Italian Grand Prix,SAI,FP3,0.576
2025,Italian Grand Prix,RUS,FP3,0.184
2025,Italian Grand Prix,PIA,FP3,0.165
2025,Italian Grand Prix,BEA,FP3,0.878
2025,Azerbaijan Grand Prix,VER,FP1,1.086
2025,Azerbaijan Grand Prix,NOR,FP1,0.0
2025,Azerbaijan Grand Prix,BOR,FP1,1.383
2025,Azerbaijan Grand Prix,HAD,FP1,1.271
2025,Azerbaijan Grand Prix,GAS,FP1,2.714
2025,Azerbaijan Grand Prix,ANT,FP1,1.281
2025,Azerbaijan Grand Prix,ALO,FP1,1.435
2025,Azerbaijan Grand Prix,LEC,FP1,0.552
2025,Azerbaijan Grand Prix,STR,FP1,1.625
2025,Azerbaijan Grand Prix,TSU,FP1,1.034
2025,Azerbaijan Grand Prix,ALB,FP1,0.859
2025,Azerbaijan Grand Prix,HUL,FP1,1.282
2025,Azerbaijan Grand Prix,LAW,FP1,1.199
2025,Azerbaijan Grand Prix,OCO,FP1,1.735
2025,Azerbaijan Grand Prix,COL,FP1,2.595
2025,Azerbaijan Grand Prix,HAM,FP1,1.383
2025,Azerbaijan Grand Prix,SAI,FP1,1.155
2025,Azerbaijan Grand Prix,RUS,FP1,0.553
2025,Azerbaijan Grand Prix,PIA,FP1,0.31
2025,Azerbaijan Grand Prix,BEA,FP1,1.447
2025,Azerbaijan Grand Prix,VER,FP2,0.609
2025,Azerbaijan Grand Prix,NOR,FP2,0.906
2025,Azerbaijan Grand Prix,BOR,FP2,1.268
2025,Azerbaijan Grand Prix,HAD,FP2,1.15
2025,Azerbaijan Grand Prix,GAS,FP2,1.381
2025,Azerbaijan Grand Prix,ANT,FP2,0.486
2025,Azerbaijan Grand Prix,ALO,FP2,1.674
2025,Azerbaijan Grand Prix,LEC,FP2,0.074
2025,Azerbaijan Grand Prix,STR,FP2,1.478
2025,Azerbaijan Grand Prix,TSU,FP2,1.151
2025,Azerbaijan Grand Prix,ALB,FP2,0.884
2025,Azerbaijan Grand Prix,HUL,FP2,1.527
2025,Azerbaijan Grand Prix,LAW,FP2,0.696
2025,Azerbaijan Grand Prix,OCO,FP2,0.874
2025,Azerbaijan Grand Prix,COL,FP2,2.029
2025,Azerbaijan Grand Prix,HAM,FP2,0.0
2025,Azerbaijan Grand Prix,SAI,FP2,0.962
2025,Azerbaijan Grand Prix,RUS,FP2,0.477
2025,Azerbaijan Grand Prix,PIA,FP2,1.002
2025,Azerbaijan Grand Prix,BEA,FP2,0.598
2025,Azerbaijan Grand Prix,VER,FP3,0.222
2025,Azerbaijan Grand Prix,NOR,FP3,0.0
2025,Azerbaijan Grand Prix,BOR,FP3,1.837
2025,Azerbaijan Grand Prix,HAD,FP3,1.044
2025,Azerbaijan Grand Prix,GAS,FP3,2.099
2025,Azerbaijan Grand Prix,ANT,FP3,0.653
2025,Azerbaijan Grand Prix,ALO,FP3,1.368
2025,Azerbaijan Grand Prix,LEC,FP3,0.986
2025,Azerbaijan Grand Prix,STR,FP3,2.127
2025,Azerbaijan Grand Prix,TSU,FP3,1.617
2025,Azerbaijan Grand Prix,ALB,FP3,0.76
2025,Azerbaijan Grand Prix,HUL,FP3,1.205
2025,Azerbaijan Grand Prix,LAW,FP3,0.923
2025,Azerbaijan Grand Prix,OCO,FP3,1.645
2025,Azerbaijan Grand Prix,COL,FP3,1.566
2025,Azerbaijan Grand Prix,HAM,FP3,0.276
2025,Azerbaijan Grand Prix,SAI,FP3,1.263
2025,Azerbaijan Grand Prix,RUS,FP3,0.741
2025,Azerbaijan Grand Prix,PIA,FP3,0.254
2025,Azerbaijan Grand Prix,BEA,FP3,0.762
2025,Singapore Grand Prix,VER,FP1,0.276
2025,Singapore Grand Prix,NOR,FP1,0.582
2025,Singapore Grand Prix,BOR,FP1,1.495
2025,Singapore Grand Prix,HAD,FP1,0.639
2025,Singapore Grand Prix,GAS,FP1,1.262
2025,Singapore Grand Prix,ANT,FP1,1.283
2025,Singapore Grand Prix,ALO,FP1,0.0
2025,Singapore Grand Prix,LEC,FP1,0.15
2025,Singapore Grand Prix,STR,FP1,1.918
2025,Singapore Grand Prix,TSU,FP1,0.744
2025,Singapore Grand Prix,ALB,FP1,25.913
2025,Singapore Grand Prix,HUL,FP1,1.199
2025,Singapore Grand Prix,LAW,FP1,1.345
2025,Singapore Grand Prix,OCO,FP1,1.012
2025,Singapore Grand Prix,COL,FP1,2.208
2025,Singapore Grand Prix,HAM,FP1,0.364
2025,Singapore Grand Prix,SAI,FP1,0.696
2025,Singapore Grand Prix,RUS,FP1,1.023
2025,Singapore Grand Prix,PIA,FP1,0.365
2025,Singapore Grand Prix,BEA,FP1,1.422
2025,Singapore Grand Prix,VER,FP2,0.143
2025,Singapore Grand Prix,NOR,FP2,0.483
2025,Singapore Grand Prix,BOR,FP2,1.605
2025,Singapore Grand Prix,HAD,FP2,0.132
2025,Singapore Grand Prix,GAS,FP2,1.744
2025,Singapore Grand Prix,ANT,FP2,2.005
2025,Singapore Grand Prix,ALO,FP2,0.163
2025,Singapore Grand Prix,LEC,FP2,0.752
2025,Singapore Grand Prix,STR,FP2,0.508
2025,Singapore Grand Prix,TSU,FP2,0.994
2025,Singapore Grand Prix,ALB,FP2,1.346
2025,Singapore Grand Prix,HUL,FP2,1.355
2025,Singapore Grand Prix,LAW,FP2,1.931
2025,Singapore Grand Prix,OCO,FP2,0.584
2025,Singapore Grand Prix,COL,FP2,2.425
2025,Singapore Grand Prix,HAM,FP2,0.777
2025,Singapore Grand Prix,SAI,FP2,0.585
2025,Singapore Grand Prix,RUS,FP2,2.517
2025,Singapore Grand Prix,PIA,FP2,0.0
2025,Singapore Grand Prix,BEA,FP2,0.997
2025,Singapore Grand Prix,VER,FP3,0.0
2025,Singapore Grand Prix,NOR,FP3,0.089
2025,Singapore Grand Prix,BOR,FP3,0.549
2025,Singapore Grand Prix,HAD,FP3,0.341
2025,Singapore Grand Prix,GAS,FP3,1.495
2025,Singapore Grand Prix,ANT,FP3,0.089
2025,Singapore Grand Prix,ALO,FP3,0.775
2025,Singapore Grand Prix,LEC,FP3,0.503
2025,Singapore Grand Prix,STR,FP3,1.112
2025,Singapore Grand Prix,TSU,FP3,1.292
2025,Singapore Grand Prix,ALB,FP3,0.52
2025,Singapore Grand Prix,HUL,FP3,0.489
2025,Singapore Grand Prix,LAW,FP3,3.48
2025,Singapore Grand Prix,OCO,FP3,0.636
2025,Singapore Grand Prix,COL,FP3,0.899
2025,Singapore Grand Prix,HAM,FP3,0.411
2025,Singapore Grand Prix,SAI,FP3,0.244
2025,Singapore Grand Prix,RUS,FP3,0.049
2025,Singapore Grand Prix,PIA,FP3,0.017
2025,Singapore Grand Prix,BEA,FP3,0.651
2025,United States Grand Prix,VER,FP1,0.354
2025,United States Grand Prix,NOR,FP1,0.0
2025,United States Grand Prix,BOR,FP1,1.184
2025,United States Grand Prix,HAD,FP1,0.861
2025,United States Grand Prix,GAS,FP1,1.371
2025,United States Grand Prix,ANT,FP1,1.443
2025,United States Grand Prix,ALO,FP1,0.345
2025,United States Grand Prix,LEC,FP1,2.786
2025,United States Grand Prix,STR,FP1,1.316
2025,United States Grand Prix,TSU,FP1,1.237
2025,United States Grand Prix,ALB,FP1,0.626
2025,United States Grand Prix,HUL,FP1,0.255
2025,United States Grand Prix,LAW,FP1,1.325
2025,United States Grand Prix,OCO,FP1,1.074
2025,United States Grand Prix,COL,FP1,1.359
2025,United States Grand Prix,HAM,FP1,0.671
2025,United States Grand Prix,SAI,FP1,2.58
2025,United States Grand Prix,RUS,FP1,0.637
2025,United States Grand Prix,PIA,FP1,0.279
2025,United States Grand Prix,BEA,FP1,1.039
2025,Mexico City Grand Prix,BOR,FP1,0.536
2025,Mexico City Grand Prix,HAD,FP1,1.029
2025,Mexico City Grand Prix,ANT,FP1,0.107
2025,Mexico City Grand Prix,ALO,FP1,1.092
2025,Mexico City Grand Prix,LEC,FP1,0.0
2025,Mexico City Grand Prix,TSU,FP1,0.71
2025,Mexico City Grand Prix,ALB,FP1,1.004
2025,Mexico City Grand Prix,HUL,FP1,0.38
2025,Mexico City Grand Prix,OCO,FP1,0.658
2025,Mexico City Grand Prix,CRA,FP1,1.991
2025,Mexico City Grand Prix,LIN,FP1,0.617
2025,Mexico City Grand Prix,FUO,FP1,2.474
2025,Mexico City Grand Prix,IWA,FP1,1.773
2025,Mexico City Grand Prix,COL,FP1,0.951
2025,Mexico City Grand Prix,BRO,FP1,1.93
2025,Mexico City Grand Prix,HIR,FP1,1.693
2025,Mexico City Grand Prix,ARO,FP1,1.482
2025,Mexico City Grand Prix,VES,FP1,1.309
2025,Mexico City Grand Prix,PIA,FP1,0.404
2025,Mexico City Grand Prix,OWA,FP1,1.3
2025,Mexico City Grand Prix,VER,FP2,0.0
2025,Mexico City Grand Prix,NOR,FP2,0.251
2025,Mexico City Grand Prix,BOR,FP2,0.931
2025,Mexico City Grand Prix,HAD,FP2,0.889
2025,Mexico City Grand Prix,GAS,FP2,1.802
2025,Mexico City Grand Prix,ANT,FP2,0.174
2025,Mexico City Grand Prix,ALO,FP2,0.546
2025,Mexico City Grand Prix,LEC,FP2,0.153
2025,Mexico City Grand Prix,STR,FP2,0.562
2025,Mexico City Grand Prix,TSU,FP2,0.491
2025,Mexico City Grand Prix,ALB,FP2,1.463
2025,Mexico City Grand Prix,HUL,FP2,0.956
2025,Mexico City Grand Prix,LAW,FP2,0.826
2025,Mexico City Grand Prix,OCO,FP2,0.874
2025,Mexico City Grand Prix,COL,FP2,1.329
2025,Mexico City Grand Prix,HAM,FP2,0.3
2025,Mexico City Grand Prix,SAI,FP2,0.547
2025,Mexico City Grand Prix,RUS,FP2,0.437
2025,Mexico City Grand Prix,PIA,FP2,0.84
2025,Mexico City Grand Prix,BEA,FP2,1.05
2025,Mexico City Grand Prix,VER,FP3,0.609
2025,Mexico City Grand Prix,NOR,FP3,0.0
2025,Mexico City Grand Prix,BOR,FP3,0.893
2025,Mexico City Grand Prix,HAD,FP3,0.763
2025,Mexico City Grand Prix,GAS,FP3,1.779
2025,Mexico City Grand Prix,ANT,FP3,0.62
2025,Mexico City Grand Prix,ALO,FP3,1.978
2025,Mexico City Grand Prix,LEC,FP3,0.566
2025,Mexico City Grand Prix,STR,FP3,0.965
2025,Mexico City Grand Prix,TSU,FP3,0.782
2025,Mexico City Grand Prix,ALB,FP3,1.361
2025,Mexico City Grand Prix,HUL,FP3,1.031
2025,Mexico City Grand Prix,LAW,FP3,0.919
2025,Mexico City Grand Prix,OCO,FP3,0.941
2025,Mexico City Grand Prix,COL,FP3,1.948
2025,Mexico City Grand Prix,HAM,FP3,0.345
2025,Mexico City Grand Prix,SAI,FP3,1.168
2025,Mexico City Grand Prix,RUS,FP3,0.512
2025,Mexico City Grand Prix,PIA,FP3,0.599
2025,Mexico City Grand Prix,BEA,FP3,1.413
2025,São Paulo Grand Prix,VER,FP1,1.393
2025,São Paulo Grand Prix,NOR,FP1,0.0
2025,São Paulo Grand Prix,BOR,FP1,0.641
2025,São Paulo Grand Prix,HAD,FP1,0.732
2025,São Paulo Grand Prix,GAS,FP1,0.706
2025,São Paulo Grand Prix,ANT,FP1,0.769
2025,São Paulo Grand Prix,ALO,FP1,0.631
2025,São Paulo Grand Prix,LEC,FP1,1.518
2025,São Paulo Grand Prix,STR,FP1,1.095
2025,São Paulo Grand Prix,TSU,FP1,1.788
2025,São Paulo Grand Prix,ALB,FP1,0.832
2025,São Paulo Grand Prix,HUL,FP1,0.619
2025,São Paulo Grand Prix,LAW,FP1,0.819
2025,São Paulo Grand Prix,OCO,FP1,0.931
2025,São Paulo Grand Prix,COL,FP1,1.185
2025,São Paulo Grand Prix,HAM,FP1,1.551
2025,São Paulo Grand Prix,SAI,FP1,0.711
2025,São Paulo Grand Prix,RUS,FP1,0.67
2025,São Paulo Grand Prix,PIA,FP1,0.023
2025,São Paulo Grand Prix,BEA,FP1,0.986
2025,Las Vegas Grand Prix,VER,FP1,0.307
2025,Las Vegas Grand Prix,NOR,FP1,0.456
2025,Las Vegas Grand Prix,BOR,FP1,1.596
2025,Las Vegas Grand Prix,HAD,FP1,0.497
2025,Las Vegas Grand Prix,GAS,FP1,0.787
2025,Las Vegas Grand Prix,ANT,FP1,0.736
2025,Las Vegas Grand Prix,ALO,FP1,0.944
2025,Las Vegas Grand Prix,LEC,FP1,0.0
2025,Las Vegas Grand Prix,STR,FP1,1.092
2025,Las Vegas Grand Prix,TSU,FP1,0.269
2025,Las Vegas Grand Prix,ALB,FP1,0.166
2025,Las Vegas Grand Prix,HUL,FP1,1.368
2025,Las Vegas Grand Prix,LAW,FP1,0.907
2025,Las Vegas Grand Prix,OCO,FP1,1.321
2025,Las Vegas Grand Prix,COL,FP1,1.956
2025,Las Vegas Grand Prix,HAM,FP1,0.759
2025,Las Vegas Grand Prix,SAI,FP1,0.377
2025,Las Vegas Grand Prix,RUS,FP1,0.732
2025,Las Vegas Grand Prix,PIA,FP1,0.648
2025,Las Vegas Grand Prix,BEA,FP1,1.188
2025,Las Vegas Grand Prix,VER,FP2,0.503
2025,Las Vegas Grand Prix,NOR,FP2,0.0
2025,Las Vegas Grand Prix,BOR,FP2,1.897
2025,Las Vegas Grand Prix,HAD,FP2,0.291
2025,Las Vegas Grand Prix,GAS,FP2,0.771
2025,Las Vegas Grand Prix,ANT,FP2,0.029
2025,Las Vegas Grand Prix,ALO,FP2,1.41
2025,Las Vegas Grand Prix,LEC,FP2,0.161
2025,Las Vegas Grand Prix,STR,FP2,0.589
2025,Las Vegas Grand Prix,TSU,FP2,1.09
2025,Las Vegas Grand Prix,ALB,FP2,0.465
2025,Las Vegas Grand Prix,HUL,FP2,0.277
2025,Las Vegas Grand Prix,LAW,FP2,0.299
2025,Las Vegas Grand Prix,OCO,FP2,1.626
2025,Las Vegas Grand Prix,COL,FP2,1.222
2025,Las Vegas Grand Prix,HAM,FP2,0.525
2025,Las Vegas Grand Prix,SAI,FP2,0.833
2025,Las Vegas Grand Prix,RUS,FP2,0.435
2025,Las Vegas Grand Prix,PIA,FP2,0.891
2025,Las Vegas Grand Prix,BEA,FP2,1.384
2025,Las Vegas Grand Prix,VER,FP3,0.227
2025,Las Vegas Grand Prix,NOR,FP3,3.058
2025,Las Vegas Grand Prix,BOR,FP3,1.684
2025,Las Vegas Grand Prix,HAD,FP3,1.115
2025,Las Vegas Grand Prix,GAS,FP3,1.508
2025,Las Vegas Grand Prix,ANT,FP3,1.331
2025,Las Vegas Grand Prix,ALO,FP3,1.486
2025,Las Vegas Grand Prix,LEC,FP3,1.854
2025,Las Vegas Grand Prix,STR,FP3,1.479
2025,Las Vegas Grand Prix,TSU,FP3,2.613
2025,Las Vegas Grand Prix,ALB,FP3,0.821
2025,Las Vegas Grand Prix,HUL,FP3,2.596
2025,Las Vegas Grand Prix,LAW,FP3,1.385
2025,Las Vegas Grand Prix,OCO,FP3,1.763
2025,Las Vegas Grand Prix,COL,FP3,2.251
2025,Las Vegas Grand Prix,HAM,FP3,1.215
2025,Las Vegas Grand Prix,SAI,FP3,1.608
2025,Las Vegas Grand Prix,RUS,FP3,0.0
2025,Las Vegas Grand Prix,PIA,FP3,2.969
2025,Las Vegas Grand Prix,BEA,FP3,1.532
2025,Qatar Grand Prix,VER,FP1,0.58
2025,Qatar Grand Prix,NOR,FP1,0.058
2025,Qatar Grand Prix,BOR,FP1,1.002
2025,Qatar Grand Prix,HAD,FP1,0.579
2025,Qatar Grand Prix,GAS,FP1,1.5
2025,Qatar Grand Prix,ANT,FP1,0.774
2025,Qatar Grand Prix,ALO,FP1,0.386
2025,Qatar Grand Prix,LEC,FP1,0.744
2025,Qatar Grand Prix,STR,FP1,0.745
2025,Qatar Grand Prix,TSU,FP1,0.872
2025,Qatar Grand Prix,ALB,FP1,0.685
2025,Qatar Grand Prix,HUL,FP1,0.859
2025,Qatar Grand Prix,LAW,FP1,1.638
2025,Qatar Grand Prix,OCO,FP1,1.172
2025,Qatar Grand Prix,COL,FP1,2.605
2025,Qatar Grand Prix,HAM,FP1,0.87
2025,Qatar Grand Prix,SAI,FP1,0.48
2025,Qatar Grand Prix,RUS,FP1,0.9
2025,Qatar Grand Prix,PIA,FP1,0.0
2025,Qatar Grand Prix,BEA,FP1,1.002
2025,Abu Dhabi Grand Prix,VER,FP1,0.008
2025,Abu Dhabi Grand Prix,NOR,FP1,0.0
2025,Abu Dhabi Grand Prix,BOR,FP1,0.257
2025,Abu Dhabi Grand Prix,HAD,FP1,0.492
2025,Abu Dhabi Grand Prix,ANT,FP1,0.123
2025,Abu Dhabi Grand Prix,LEC,FP1,0.016
2025,Abu Dhabi Grand Prix,HUL,FP1,0.144
2025,Abu Dhabi Grand Prix,SHI,FP1,1.947
2025,Abu Dhabi Grand Prix,CRA,FP1,1.404
2025,Abu Dhabi Grand Prix,LIN,FP1,0.771
2025,Abu Dhabi Grand Prix,LEL,FP1,0.875
2025,Abu Dhabi Grand Prix,IWA,FP1,0.99
2025,Abu Dhabi Grand Prix,COL,FP1,0.37
2025,Abu Dhabi Grand Prix,BRO,FP1,1.005
2025,Abu Dhabi Grand Prix,HIR,FP1,0.449
2025,Abu Dhabi Grand Prix,SAI,FP1,0.286
2025,Abu Dhabi Grand Prix,ARO,FP1,0.719
2025,Abu Dhabi Grand Prix,RUS,FP1,0.248
2025,Abu Dhabi Grand Prix,BEA,FP1,0.274
2025,Abu Dhabi Grand Prix,OWA,FP1,0.761
2025,Abu Dhabi Grand Prix,VER,FP2,0.363
2025,Abu Dhabi Grand Prix,NOR,FP2,0.0
2025,Abu Dhabi Grand Prix,BOR,FP2,0.487
2025,Abu Dhabi Grand Prix,HAD,FP2,0.574
2025,Abu Dhabi Grand Prix,GAS,FP2,1.88
2025,Abu Dhabi Grand Prix,ANT,FP2,0.667
2025,Abu Dhabi Grand Prix,ALO,FP2,0.625
2025,Abu Dhabi Grand Prix,LEC,FP2,0.575
2025,Abu Dhabi Grand Prix,STR,FP2,0.749
2025,Abu Dhabi Grand Prix,TSU,FP2,1.22
2025,Abu Dhabi Grand Prix,ALB,FP2,0.867
2025,Abu Dhabi Grand Prix,HUL,FP2,0.467
2025,Abu Dhabi Grand Prix,LAW,FP2,1.391
2025,Abu Dhabi Grand Prix,OCO,FP2,0.875
2025,Abu Dhabi Grand Prix,COL,FP2,1.688
2025,Abu Dhabi Grand Prix,HAM,FP2,0.856
2025,Abu Dhabi Grand Prix,SAI,FP2,0.789
2025,Abu Dhabi Grand Prix,RUS,FP2,0.379
2025,Abu Dhabi Grand Prix,PIA,FP2,0.68
2025,Abu Dhabi Grand Prix,BEA,FP2,0.418
2025,Abu Dhabi Grand Prix,VER,FP3,0.124
2025,Abu Dhabi Grand Prix,NOR,FP3,0.004
2025,Abu Dhabi Grand Prix,BOR,FP3,0.457
2025,Abu Dhabi Grand Prix,HAD,FP3,0.645
2025,Abu Dhabi Grand Prix,GAS,FP3,0.738
2025,Abu Dhabi Grand Prix,ANT,FP3,0.373
2025,Abu Dhabi Grand Prix,ALO,FP3,0.251
2025,Abu Dhabi Grand Prix,LEC,FP3,0.341
2025,Abu Dhabi Grand Prix,STR,FP3,0.561
2025,Abu Dhabi Grand Prix,TSU,FP3,1.359
2025,Abu Dhabi Grand Prix,ALB,FP3,0.388
2025,Abu Dhabi Grand Prix,HUL,FP3,0.536
2025,Abu Dhabi Grand Prix,LAW,FP3,0.613
2025,Abu Dhabi Grand Prix,OCO,FP3,0.271
2025,Abu Dhabi Grand Prix,COL,FP3,1.167
2025,Abu Dhabi Grand Prix,HAM,FP3,1.136
2025,Abu Dhabi Grand Prix,SAI,FP3,0.477
2025,Abu Dhabi Grand Prix,RUS,FP3,0.0
2025,Abu Dhabi Grand Prix,PIA,FP3,0.259
2025,Abu Dhabi Grand Prix,BEA,FP3,0.275
